complaint_id,source_channel,timestamp,raw_text,language_ground_truth,department_ground_truth,category_ground_truth,locality_ground_truth,ward_ground_truth,urgency_ground_truth,incident_id,status,resolved_at
CMP-0312,Mobile App,2026-06-01T16:00:00,Nullah blocked near Bhadbhada causing artificial waterlogging during light rains.,English,Drainage,Drain blockage,Bhadbhada,27,High,INC-0157,Pending,
CMP-0561,Mobile App,2026-06-01T17:00:00,"Bagsewaniya main road pe bahut bade potholes ho gaye hain, do-wheelers roz phisal rahe hain.",Hinglish,Roads,Pothole,Bagsewaniya,54,Medium,INC-0406,Resolved,2026-06-06T02:00:00
CMP-0510,CM Helpline,2026-06-02T06:00:00,"Anand Nagar में सड़क किनारे मृत जानवर पड़ा है। तीव्र दुर्गंध फैल रही है, कृपया तुरंत उठवाएं।",Hindi,Sanitation,Dead animal removal,Anand Nagar,63,High,INC-0355,Resolved,2026-06-06T12:00:00
CMP-0661,Municipal Helpline,2026-06-02T18:00:00,"Gulmohar me sewer line choked hai, black water sadak par fail gaya hai.",Hinglish,Drainage,Overflowing sewage,Gulmohar,49,High,INC-0506,Pending,
CMP-0484,CM Helpline,2026-06-02T19:00:00,"Govindpura में सफाई कर्मचारी कचरा नहीं उठा रहे हैं, चारों तरफ कूड़ा बिखरा पड़ा है।",Hindi,Sanitation,Garbage accumulation,Govindpura,58,Medium,INC-0329,Resolved,2026-06-04T14:00:00
CMP-0545,Mobile App,2026-06-02T22:00:00,"Shyamla Hills main road pe bahut bade potholes ho gaye hain, do-wheelers roz phisal rahe hain.",Hinglish,Roads,Pothole,Shyamla Hills,24,Medium,INC-0390,Pending,
CMP-0244,Elected Representative,2026-06-02T23:00:00,"Bagsewaniya market pole light blinking problem 3 din se hai, kindly repair.",Hinglish,Street Lighting,Flickering streetlight,Bagsewaniya,54,Low,INC-0089,Pending,
CMP-0087,CM Helpline,2026-06-02T23:05:00,Piplani मुख्य मार्ग पर रेत और गिट्टी का ढेर लगाकर रास्ता रोक दिया गया है।,Hindi,Roads,Road obstruction,Piplani,60,High,INC-0014,Pending,
CMP-0323,Social Media,2026-06-03T01:00:00,Underground supply line leakage near Subhash nagar metro station market creating artificial puddle on road.,English,Water Supply,Water leakage,Subhash Nagar,39,Medium,INC-0168,Pending,
CMP-0089,CM Helpline,2026-06-03T15:19:00,Piplani main road par fallen tree branch ki wajah se heavy jam laga hai.,Hinglish,Roads,Road obstruction,Piplani,60,High,INC-0014,Pending,
CMP-0088,Mobile App,2026-06-03T21:30:00,पिपलानी मुख्य मार्ग पर रेत और गिट्टी का ढेर लगाकर रास्ता रोक दिया गया है।,Hindi,Roads,Road obstruction,Piplani,60,High,INC-0014,Pending,
CMP-0740,CM Helpline,2026-06-04T01:00:00,Ayodhya Bypass में नाली कचरे और प्लास्टिक से चोक हो गई है। गंदा पानी सड़क पर बह रहा है।,Hindi,Drainage,Drain blockage,Ayodhya Bypass,65,High,INC-0585,Pending,
CMP-0086,Mobile App,2026-06-04T05:35:00,Piplani ke raste me construction debris dump karke block kar diya hai.,Hinglish,Roads,Road obstruction,Piplani,60,High,INC-0014,Pending,
CMP-0689,CM Helpline,2026-06-04T06:00:00,Dengue and malaria cases rising in Piplani BHEL due to rampant mosquito breeding.,English,Public Health,Mosquito breeding / fogging request,Piplani,60,Medium,INC-0534,In Progress,
CMP-0578,Municipal Helpline,2026-06-04T16:00:00,Awadhpuri मुख्य मार्ग पर रेत और गिट्टी का ढेर लगाकर रास्ता रोक दिया गया है।,Hindi,Roads,Road obstruction,Awadhpuri,64,High,INC-0423,Resolved,2026-06-08T21:00:00
CMP-0719,Municipal Helpline,2026-06-04T23:00:00,"Indrapuri me overhead power cables dangerous height par latak rahe hain, truck se takra sakte hain.",Hinglish,Electricity,Loose overhead wires,Indrapuri,62,Critical,INC-0564,In Progress,
CMP-0569,Municipal Helpline,2026-06-05T05:00:00,"Bairagarh चौराहे पर कल से कचरे का ढेर लगा है, आवारा मवेशी गंदगी फैला रहे हैं।",Hindi,Sanitation,Garbage accumulation,Bairagarh,3,Medium,INC-0414,Pending,
CMP-0277,Elected Representative,2026-06-05T19:00:00,Anand Nagar में वोल्टेज बहुत कम आ रहा है। मोटर और फ्रिज नहीं चल पा रहे हैं।,Hindi,Electricity,Low voltage,Anand Nagar,63,Medium,INC-0122,Pending,
CMP-0646,Municipal Helpline,2026-06-06T00:00:00,Ayodhya Bypass में नाली कचरे और प्लास्टिक से चोक हो गई है। गंदा पानी सड़क पर बह रहा है।,Hindi,Drainage,Drain blockage,Ayodhya Bypass,65,High,INC-0491,Pending,
CMP-0441,Municipal Helpline,2026-06-06T14:00:00,Sewage chamber overflowing on Piplani BHEL residential street. Filthy black water spreading.,English,Drainage,Overflowing sewage,Piplani,60,High,INC-0286,Pending,
CMP-0600,Elected Representative,2026-06-06T17:00:00,"Ratibad side nullah jam hai 5 din se, barish me paani gharo ke andar ghus raha hai.",Hinglish,Drainage,Drain blockage,Ratibad,84,High,INC-0445,In Progress,
CMP-0665,Mobile App,2026-06-06T20:00:00,Koh e fiza lake view me 2 din se paani nahi aa raha hai. Bahut dikkat ho rahi hai.,Hinglish,Water Supply,Water outage,Koh-e-Fiza,8,High,INC-0510,Resolved,2026-06-07T07:00:00
CMP-0548,CM Helpline,2026-06-07T02:00:00,"पंचशील नगर chourahe ke paas heavy water leakage ho rahi hai pipeline se, please fix it.",Hinglish,Water Supply,Water leakage,Panchsheel Nagar,30,Medium,INC-0393,In Progress,
CMP-0612,Municipal Helpline,2026-06-07T02:00:00,Dangerous potholes on Jahangirabad main road. Multiple two-wheeler riders have fallen.,English,Roads,Pothole,Jahangirabad,41,Medium,INC-0457,Pending,
CMP-0506,Mobile App,2026-06-07T05:00:00,Streetlights on the entire stretch of Chunabhatti are dark for 5 days. Safety hazard for women.,English,Street Lighting,Streetlight not working,Chuna Bhatti,82,Low,INC-0351,Pending,
CMP-0426,Social Media,2026-06-07T14:00:00,"Awadhpuri lane me pole light on nahi ho rahi, please technician bhejiye.",Hinglish,Street Lighting,Streetlight not working,Awadhpuri,64,Low,INC-0271,Pending,
CMP-0228,Mobile App,2026-06-07T15:00:00,"अयोध्या बायपास के खाली मैदान में ठहरा हुआ पानी सड़ रहा है, पानी की निकासी कराई जाए।",Hindi,Public Health,Stagnant water near habitation,Ayodhya Bypass,65,Medium,INC-0073,Resolved,2026-06-08T07:00:00
CMP-0575,CM Helpline,2026-06-07T16:00:00,Multiple dog bite incidents in Bittan Market this week. Urgent municipal dog catching required.,English,Public Health,Stray dog menace,Bittan Market,46,Medium,INC-0420,Resolved,2026-06-09T13:00:00
CMP-0531,Social Media,2026-06-07T21:00:00,"Broken, sunken manhole lid in Sant Hirdaram Nagar. Someone placed a tree branch as warning.",English,Drainage,Damaged manhole cover,Bairagarh,3,Critical,INC-0376,In Progress,
CMP-0337,Elected Representative,2026-06-08T18:00:00,"चूना भट्टी में सफाई कर्मचारी कचरा नहीं उठा रहे हैं, चारों तरफ कूड़ा बिखरा पड़ा है।",Hindi,Sanitation,Garbage accumulation,Chuna Bhatti,82,Medium,INC-0182,Pending,
CMP-0606,Elected Representative,2026-06-09T02:00:00,Deep craters developed on Shahpura road after rain. Major hazard for night commuters.,English,Roads,Pothole,Shahpura,50,Medium,INC-0451,Resolved,2026-06-10T03:00:00
CMP-0270,Social Media,2026-06-09T06:00:00,"Anand nagar BHEL park ke paas trash pile up ho gaya hai, please Nagar Nigam vehicle bhejo.",Hinglish,Sanitation,Garbage accumulation,Anand Nagar,63,Medium,INC-0115,Resolved,2026-06-10T02:00:00
CMP-0324,CM Helpline,2026-06-09T14:00:00,"Overhead electricity cables sagging very low in Shahpura, almost touching passing trucks.",English,Electricity,Loose overhead wires,Shahpura,50,Critical,INC-0169,Resolved,2026-06-12T09:00:00
CMP-0258,Mobile App,2026-06-09T17:00:00,Streetlight opposite house in M.P. Nagar continuously flickering and humming loudly.,English,Street Lighting,Flickering streetlight,MP Nagar,47,Low,INC-0103,Pending,
CMP-0691,CM Helpline,2026-06-09T20:00:00,ईदगाह हिल्स में नाली कचरे और प्लास्टिक से चोक हो गई है। गंदा पानी सड़क पर बह रहा है।,Hindi,Drainage,Drain blockage,Idgah Hills,9,High,INC-0536,Pending,
CMP-0212,Municipal Helpline,2026-06-09T21:00:00,Entire asphalt surface washed away near Gandhi Nagar. Road broken into gravel and dust.,English,Roads,Road damage,Gandhi Nagar,1,Medium,INC-0057,Pending,
CMP-0468,CM Helpline,2026-06-09T22:00:00,Subhash Nagar में पिछले एक हफ्ते से अघोषित बिजली कटौती है। भीषण गर्मी में लोग परेशान हैं।,Hindi,Electricity,Power outage,Subhash Nagar,39,High,INC-0313,Resolved,2026-06-13T07:00:00
CMP-0475,Mobile App,2026-06-10T02:00:00,Fallen tree branch blocking one entire lane near Koh-e-Fiza. Traffic backed up.,English,Roads,Road obstruction,Koh-e-Fiza,8,High,INC-0320,In Progress,
CMP-0654,Municipal Helpline,2026-06-10T02:00:00,"Ratibad college road toilet complex me choke ho gaya hai, bahut badboo aa rahi hai.",Hinglish,Public Health,Public toilet sanitation,Ratibad,84,Medium,INC-0499,Resolved,2026-06-13T23:00:00
CMP-0224,Municipal Helpline,2026-06-10T15:00:00,Deep craters developed on Panchsheel colony road after rain. Major hazard for night commuters.,English,Roads,Pothole,Panchsheel Nagar,30,Medium,INC-0069,Resolved,2026-06-12T10:00:00
CMP-0641,CM Helpline,2026-06-10T17:00:00,No municipal tap water in Tatya Tope Nagar since yesterday. Kindly restore the supply immediately.,English,Water Supply,Water outage,TT Nagar,33,High,INC-0486,Resolved,2026-06-14T04:00:00
CMP-0333,Mobile App,2026-06-11T01:00:00,Extremely low voltage in Awadhpuri square. Refrigerators and water pumps cannot start.,English,Electricity,Low voltage,Awadhpuri,64,Medium,INC-0178,Resolved,2026-06-13T07:00:00
CMP-0215,Mobile App,2026-06-11T04:00:00,"Municipal public toilet in Jahangirabad is choked, without water, and filthy. Unusable.",English,Public Health,Public toilet sanitation,Jahangirabad,41,Medium,INC-0060,Resolved,2026-06-12T23:00:00
CMP-0605,Municipal Helpline,2026-06-11T04:00:00,"Lalghati रोड पर गड्ढों के कारण भयंकर ट्रैफिक जाम लग रहा है, तुरंत मरम्मत कराएं।",Hindi,Roads,Pothole,Lalghati,6,Medium,INC-0450,Pending,
CMP-0677,CM Helpline,2026-06-11T06:00:00,Nullah blocked near नेहरू नगर causing artificial waterlogging during light rains.,English,Drainage,Drain blockage,Nehru Nagar,26,High,INC-0522,In Progress,
CMP-0102,CM Helpline,2026-06-11T06:01:00,Pack of aggressive stray dogs chasing pedestrians and cyclists in Govindpura.,English,Public Health,Stray dog menace,Govindpura,58,Medium,INC-0018,Resolved,2026-06-15T18:01:00
CMP-0101,Municipal Helpline,2026-06-11T07:32:00,"Govindpura Industrial Area gali me dogs ne 2 logo ko bite kiya hai, please dog catching vehicle bhejiye.",Hinglish,Public Health,Stray dog menace,Govindpura,58,Medium,INC-0018,Resolved,2026-06-15T08:32:00
CMP-0292,Municipal Helpline,2026-06-11T17:00:00,Anand Nagar में कचरा गाड़ी पिछले 5 दिन से नहीं आई है। घरों में कचरा इकट्ठा हो गया है।,Hindi,Sanitation,Irregular garbage collection,Anand Nagar,63,Low,INC-0137,In Progress,
CMP-0321,Mobile App,2026-06-11T21:00:00,"Tap water in Chuna Bhatti is muddy, yellow, and foul smelling. Unfit for drinking.",English,Water Supply,Contaminated water,Chuna Bhatti,82,Critical,INC-0166,In Progress,
CMP-0281,Mobile App,2026-06-11T22:00:00,"Chuna Bhatti me road completely break ho chuki hai, sirf dust aur stones bache hain.",Hinglish,Roads,Road damage,Chuna Bhatti,82,Medium,INC-0126,Resolved,2026-06-13T23:00:00
CMP-0730,Municipal Helpline,2026-06-11T22:00:00,Fallen tree branch blocking one entire lane near T.T. Nagar. Traffic backed up.,English,Roads,Road obstruction,TT Nagar,33,High,INC-0575,Pending,
CMP-0209,Mobile App,2026-06-12T03:00:00,Extremely low voltage in Ratibad. Refrigerators and water pumps cannot start.,English,Electricity,Low voltage,Ratibad,84,Medium,INC-0054,Resolved,2026-06-12T19:00:00
CMP-0370,Social Media,2026-06-12T03:00:00,"Tap water in Karond is muddy, yellow, and foul smelling. Unfit for drinking.",English,Water Supply,Contaminated water,Karond,15,Critical,INC-0215,Resolved,2026-06-13T22:00:00
CMP-0498,Mobile App,2026-06-12T03:00:00,Water trickle flow in बरखेड़ा. Motor cannot lift water to domestic rooftop tanks.,English,Water Supply,Low water pressure,Barkheda,59,Medium,INC-0343,In Progress,
CMP-0075,CM Helpline,2026-06-12T03:22:00,"MP Nagar residential lane me sewage overflow ho raha hai, filthy smell aur health hazard hai.",Hinglish,Drainage,Overflowing sewage,MP Nagar,47,High,INC-0011,Resolved,2026-06-12T11:22:00
CMP-0103,Municipal Helpline,2026-06-12T04:00:00,"Kolar me peene ka paani bilkul nahi aa raha 3 din se, please tanker send kijiye.",Hinglish,Water Supply,Water outage,Kolar,80,High,INC-0019,Resolved,2026-06-15T09:00:00
CMP-0365,Municipal Helpline,2026-06-12T05:00:00,"New Market में पिछले 4 दिन से पानी नहीं आया है, नगर निगम तुरंत टैंकर भिजवाए।",Hindi,Water Supply,Water outage,New Market,32,High,INC-0210,Pending,
CMP-0073,CM Helpline,2026-06-12T11:03:00,"MP Nagar Zone 2 me sewer line choked hai, black water sadak par fail gaya hai.",Hinglish,Drainage,Overflowing sewage,MP Nagar,47,High,INC-0011,Resolved,2026-06-16T15:03:00
CMP-0077,Mobile App,2026-06-12T13:29:00,एमपी नगर में सीवरेज लाइन जाम होने से गंदा पानी घरों के आगे भर गया है।,Hindi,Drainage,Overflowing sewage,MP Nagar,47,High,INC-0011,Resolved,2026-06-17T00:29:00
CMP-0100,Mobile App,2026-06-12T13:52:00,Multiple dog bite incidents in गोविंदपुरा this week. Urgent municipal dog catching required.,English,Public Health,Stray dog menace,Govindpura,58,Medium,INC-0018,Resolved,2026-06-14T06:52:00
CMP-0076,Social Media,2026-06-12T15:12:00,"एमपी नगर residential lane me sewage overflow ho raha hai, filthy smell aur health hazard hai.",Hinglish,Drainage,Overflowing sewage,MP Nagar,47,High,INC-0011,Resolved,2026-06-13T08:12:00
CMP-0074,Elected Representative,2026-06-12T17:48:00,"M.P. Nagar me sewer line choked hai, black water sadak par fail gaya hai.",Hinglish,Drainage,Overflowing sewage,MP Nagar,47,High,INC-0011,Resolved,2026-06-12T22:48:00
CMP-0341,Mobile App,2026-06-12T19:00:00,"Kotra area me drain blocked hai plastic ki wajah se, dirty water road pe overflow kar raha hai.",Hinglish,Drainage,Drain blockage,Kotra Sultanabad,28,High,INC-0186,Pending,
CMP-0376,Elected Representative,2026-06-12T20:00:00,"Shyamla Hills चौराहे के पास सड़क में बड़े-बड़े गड्ढे हैं, रात में दुर्घटना का भारी खतरा है।",Hindi,Roads,Pothole,Shyamla Hills,24,Medium,INC-0221,Resolved,2026-06-15T17:00:00
CMP-0104,Elected Representative,2026-06-13T00:00:00,"कोलार रोड में पिछले 4 दिन से पानी नहीं आया है, नगर निगम तुरंत टैंकर भिजवाए।",Hindi,Water Supply,Water outage,Kolar,80,High,INC-0019,Resolved,2026-06-16T16:00:00
CMP-0402,Mobile App,2026-06-13T06:00:00,Carcass of dead cattle on the road in Bhadbhada. Please dispatch sanitation squad immediately.,English,Sanitation,Dead animal removal,Bhadbhada,27,High,INC-0247,Resolved,2026-06-14T22:00:00
CMP-0116,Social Media,2026-06-13T07:00:00,"एमपी नगर चौराहे पर 5 दिन से कचरे का ढेर लगा है, आवारा मवेशी गंदगी फैला रहे हैं।",Hindi,Sanitation,Garbage accumulation,MP Nagar,47,Medium,INC-0023,Resolved,2026-06-18T06:00:00
CMP-0117,Elected Representative,2026-06-13T17:00:00,"MP Nagar park ke paas trash pile up ho gaya hai, please Nagar Nigam vehicle bhejo.",Hinglish,Sanitation,Garbage accumulation,MP Nagar,47,Medium,INC-0023,Resolved,2026-06-14T00:00:00
CMP-0350,Social Media,2026-06-13T21:00:00,"Hoshangabad Road me overhead power cables dangerous height par latak rahe hain, truck se takra sakte hain.",Hinglish,Electricity,Loose overhead wires,Hoshangabad Road,52,Critical,INC-0195,Pending,
CMP-0601,Mobile App,2026-06-13T22:00:00,Illegal open dumping of commercial debris and plastics on vacant plot in Kamla Nagar.,English,Sanitation,Open dumping,Kamla Nagar,29,Medium,INC-0446,Pending,
CMP-0114,Social Media,2026-06-14T00:00:00,"Bhai MP Nagar side roadside dumping badhti ja rahi hai, koi safai karne nahi aa raha.",Hinglish,Sanitation,Garbage accumulation,MP Nagar,47,Medium,INC-0023,Resolved,2026-06-15T21:00:00
CMP-0724,Social Media,2026-06-14T01:00:00,"करोंद क्षेत्र में डेंगू का खतरा बढ़ रहा है, कीटनाशक छिड़काव कराया जाए।",Hindi,Public Health,Mosquito breeding / fogging request,Karond,15,Medium,INC-0569,Pending,
CMP-0115,Municipal Helpline,2026-06-14T03:00:00,"MP Nagar चौराहे पर 5 दिन से कचरे का ढेर लगा है, आवारा मवेशी गंदगी फैला रहे हैं।",Hindi,Sanitation,Garbage accumulation,MP Nagar,47,Medium,INC-0023,Resolved,2026-06-15T12:00:00
CMP-0276,Elected Representative,2026-06-14T06:00:00,"Sonagiri sector A side loose electrical wire zameen ke paas aa gaya hai, please fix it.",Hinglish,Electricity,Loose overhead wires,Sonagiri,61,Critical,INC-0121,Pending,
CMP-0570,Mobile App,2026-06-14T06:00:00,Nullah blocked near Awadhpuri square causing artificial waterlogging during light rains.,English,Drainage,Drain blockage,Awadhpuri,64,High,INC-0415,Pending,
CMP-0473,CM Helpline,2026-06-14T16:00:00,"पानी की भारी किल्लत TT Nagar में। बोरिंग और नल दोनों बंद हैं, बच्चे परेशान हो रहे हैं।",Hindi,Water Supply,Water outage,TT Nagar,33,High,INC-0318,Pending,
CMP-0617,Mobile App,2026-06-14T17:00:00,Entire asphalt surface washed away near Berasia road. Road broken into gravel and dust.,English,Roads,Road damage,Bairasia Road,16,Medium,INC-0462,Resolved,2026-06-16T15:00:00
CMP-0500,Mobile App,2026-06-14T23:00:00,Open trash piled up near Anand nagar BHEL community park. Health hazard for children and elders.,English,Sanitation,Garbage accumulation,Anand Nagar,63,Medium,INC-0345,Resolved,2026-06-15T03:00:00
CMP-0081,Municipal Helpline,2026-06-14T23:54:00,"मिसरोद चौराहे पर 5 दिन से कचरे का ढेर लगा है, आवारा मवेशी गंदगी फैला रहे हैं।",Hindi,Sanitation,Garbage accumulation,Misrod,85,Medium,INC-0012,Resolved,2026-06-19T20:54:00
CMP-0579,Municipal Helpline,2026-06-15T02:00:00,Storm drain choked with plastic and silt in Sonagiri. Dirty water overflowing onto road.,English,Drainage,Drain blockage,Sonagiri,61,High,INC-0424,In Progress,
CMP-0417,Mobile App,2026-06-15T03:00:00,"Jahangirabad road pe dead animal pada hua hai 1 week se, bahut badboo aa rahi hai, urgent remove karo.",Hinglish,Sanitation,Dead animal removal,Jahangirabad,41,High,INC-0262,Resolved,2026-06-17T16:00:00
CMP-0358,Mobile App,2026-06-15T05:00:00,होशंगाबाद रोड में आवासीय बस्ती के पास गंदा पानी जमा है। बदबू और मच्छरों से लोग परेशान हैं।,Hindi,Public Health,Stagnant water near habitation,Hoshangabad Road,52,Medium,INC-0203,Resolved,2026-06-18T17:00:00
CMP-0194,Mobile App,2026-06-15T21:00:00,Drainage backflow in Jahangirabad chowki. Unsanitary sewage entering house front yards.,English,Drainage,Overflowing sewage,Jahangirabad,41,High,INC-0047,Resolved,2026-06-20T10:00:00
CMP-0245,Municipal Helpline,2026-06-16T00:00:00,Tractor trolleys dumping building waste openly near Lalghati residential area.,English,Sanitation,Open dumping,Lalghati,6,Medium,INC-0090,Resolved,2026-06-20T01:00:00
CMP-0670,CM Helpline,2026-06-16T00:00:00,Streetlights on the entire stretch of Neelbad road are dark for 5 days. Safety hazard for women.,English,Street Lighting,Streetlight not working,Neelbad,83,Low,INC-0515,Resolved,2026-06-17T15:00:00
CMP-0192,Social Media,2026-06-16T02:00:00,Jahangirabad की आवासीय सड़क पर सीवर का गंदा पानी उफन रहा है। भयंकर दुर्गंध और बीमारी का डर है।,Hindi,Drainage,Overflowing sewage,Jahangirabad,41,High,INC-0047,Resolved,2026-06-19T15:00:00
CMP-0154,Municipal Helpline,2026-06-16T03:00:00,"Shahpura B sector me streetlights band hain 1 week se, raat ko poora dark ho jata hai, safety risk hai.",Hinglish,Street Lighting,Streetlight not working,Shahpura,50,Low,INC-0035,Resolved,2026-06-18T11:00:00
CMP-0638,Social Media,2026-06-16T05:00:00,Open trash piled up near Kamla park area community park. Health hazard for children and elders.,English,Sanitation,Garbage accumulation,Kamla Nagar,29,Medium,INC-0483,In Progress,
CMP-0195,Social Media,2026-06-16T06:00:00,Jahangirabad में सीवरेज लाइन जाम होने से गंदा पानी घरों के आगे भर गया है।,Hindi,Drainage,Overflowing sewage,Jahangirabad,41,High,INC-0047,Resolved,2026-06-16T15:00:00
CMP-0080,CM Helpline,2026-06-16T11:50:00,Open trash piled up near मिसरोद community park. Health hazard for children and elders.,English,Sanitation,Garbage accumulation,Misrod,85,Medium,INC-0012,Resolved,2026-06-19T06:50:00
CMP-0379,Municipal Helpline,2026-06-16T14:00:00,"नीलबड़ मुख्य मार्ग पर मृत पशु पड़ा हुआ है, संक्रमण फैलने की आशंका है।",Hindi,Sanitation,Dead animal removal,Neelbad,83,High,INC-0224,Resolved,2026-06-19T15:00:00
CMP-0193,Mobile App,2026-06-16T15:00:00,Jahangirabad की आवासीय सड़क पर सीवर का गंदा पानी उफन रहा है। भयंकर दुर्गंध और बीमारी का डर है।,Hindi,Drainage,Overflowing sewage,Jahangirabad,41,High,INC-0047,Resolved,2026-06-21T06:00:00
CMP-0079,CM Helpline,2026-06-16T15:15:00,"Misrod चौराहे पर कल से कचरे का ढेर लगा है, आवारा मवेशी गंदगी फैला रहे हैं।",Hindi,Sanitation,Garbage accumulation,Misrod,85,Medium,INC-0012,Resolved,2026-06-21T01:15:00
CMP-0551,Municipal Helpline,2026-06-16T16:00:00,"Malviya nagar new market side nullah jam hai 5 din se, barish me paani gharo ke andar ghus raha hai.",Hinglish,Drainage,Drain blockage,New Market,32,High,INC-0396,Resolved,2026-06-21T00:00:00
CMP-0153,CM Helpline,2026-06-16T17:00:00,Shahpura की पूरी सड़क पर पिछले 5 दिन से स्ट्रीट लाइट बंद है। रात में अंधेरा रहता है।,Hindi,Street Lighting,Streetlight not working,Shahpura,50,Low,INC-0035,Resolved,2026-06-21T12:00:00
CMP-0151,CM Helpline,2026-06-16T18:00:00,Streetlights on the entire stretch of Shahpura sector A are dark for 2 days. Safety hazard for women.,English,Street Lighting,Streetlight not working,Shahpura,50,Low,INC-0035,Resolved,2026-06-17T13:00:00
CMP-0078,Elected Representative,2026-06-16T18:58:00,Garbage dumped on Misrod roadside for 3 days. Stray cattle and dogs scattering waste.,English,Sanitation,Garbage accumulation,Misrod,85,Medium,INC-0012,Resolved,2026-06-17T06:58:00
CMP-0096,Mobile App,2026-06-16T22:55:00,"Kohefiza pole light blinking problem kal se hai, kindly repair.",Hinglish,Street Lighting,Flickering streetlight,Koh-e-Fiza,8,Low,INC-0016,Resolved,2026-06-20T23:55:00
CMP-0152,Mobile App,2026-06-17T01:00:00,Light pole fixture not functional in Shahpura. Area completely pitch dark at night.,English,Street Lighting,Streetlight not working,Shahpura,50,Low,INC-0035,Resolved,2026-06-18T17:00:00
CMP-0397,Municipal Helpline,2026-06-17T01:00:00,"Bairasia Road रोड पर खुला मैनहोल खुला पड़ा है, तत्काल नया ढक्कन लगवाया जाए।",Hindi,Drainage,Damaged manhole cover,Bairasia Road,16,Critical,INC-0242,In Progress,
CMP-0428,CM Helpline,2026-06-17T02:00:00,"Bhai South TT Nagar side roadside dumping badhti ja rahi hai, koi safai karne nahi aa raha.",Hinglish,Sanitation,Garbage accumulation,TT Nagar,33,Medium,INC-0273,Resolved,2026-06-18T13:00:00
CMP-0463,Mobile App,2026-06-17T06:00:00,"Kolar में सफाई कर्मचारी कचरा नहीं उठा रहे हैं, चारों तरफ कूड़ा बिखरा पड़ा है।",Hindi,Sanitation,Garbage accumulation,Kolar,80,Medium,INC-0308,Resolved,2026-06-19T07:00:00
CMP-0094,Mobile App,2026-06-17T15:40:00,कोहेफिजा में स्ट्रीट लाइट लगातार झिलमिला रही है और तेज आवाज कर रही है।,Hindi,Street Lighting,Flickering streetlight,Koh-e-Fiza,8,Low,INC-0016,Resolved,2026-06-19T01:40:00
CMP-0459,Municipal Helpline,2026-06-17T17:00:00,"Hoshangabad Road क्षेत्र में सड़क धंस गई है, भारी वाहनों के चलने से खतरा बढ़ गया है।",Hindi,Roads,Road damage,Hoshangabad Road,52,Medium,INC-0304,Resolved,2026-06-18T08:00:00
CMP-0256,Elected Representative,2026-06-17T21:00:00,"Anand Nagar चौराहे पर कल से कचरे का ढेर लगा है, आवारा मवेशी गंदगी फैला रहे हैं।",Hindi,Sanitation,Garbage accumulation,Anand Nagar,63,Medium,INC-0101,In Progress,
CMP-0310,Municipal Helpline,2026-06-17T21:00:00,Karond main road par fallen tree branch ki wajah se heavy jam laga hai.,Hinglish,Roads,Road obstruction,Karond,15,High,INC-0155,Resolved,2026-06-20T02:00:00
CMP-0483,Social Media,2026-06-17T21:00:00,Light pole fixture not functional in Gandhi Nagar. Area completely pitch dark at night.,English,Street Lighting,Streetlight not working,Gandhi Nagar,1,Low,INC-0328,In Progress,
CMP-0585,Elected Representative,2026-06-17T23:00:00,नीलबड़ में 2 दिन से पानी की सप्लाई पूरी तरह बंद है। पीने के पानी के लिए भारी परेशानी हो रही है।,Hindi,Water Supply,Water outage,Neelbad,83,High,INC-0430,Resolved,2026-06-22T16:00:00
CMP-0095,Mobile App,2026-06-18T03:26:00,Streetlight opposite house in Koh-e-Fiza continuously flickering and humming loudly.,English,Street Lighting,Flickering streetlight,Koh-e-Fiza,8,Low,INC-0016,Resolved,2026-06-20T15:26:00
CMP-0041,Mobile App,2026-06-18T10:47:00,Deep craters developed on कोतरा सुल्तानाबाद road after rain. Major hazard for night commuters.,English,Roads,Pothole,Kotra Sultanabad,28,Medium,INC-0005,Resolved,2026-06-20T08:47:00
CMP-0732,Social Media,2026-06-18T14:00:00,Streetlights on the entire stretch of Misrod are dark for 3 days. Safety hazard for women.,English,Street Lighting,Streetlight not working,Misrod,85,Low,INC-0577,Resolved,2026-06-21T06:00:00
CMP-0613,Mobile App,2026-06-18T15:00:00,"Gandhi nagar airport road road pe main pipeline burst ho gayi hai, paani sadak pe beh raha hai.",Hinglish,Water Supply,Water leakage,Gandhi Nagar,1,Medium,INC-0458,Resolved,2026-06-21T15:00:00
CMP-0629,CM Helpline,2026-06-18T17:00:00,Garbage dumped on सोनागिरी roadside for yesterday. Stray cattle and dogs scattering waste.,English,Sanitation,Garbage accumulation,Sonagiri,61,Medium,INC-0474,Pending,
CMP-0355,Mobile App,2026-06-18T19:00:00,Uneven cracked road stretch in Kamla Nagar causing vehicle suspension breakdown.,English,Roads,Road damage,Kamla Nagar,29,Medium,INC-0200,Pending,
CMP-0404,Social Media,2026-06-18T19:00:00,Tractor trolleys dumping building waste openly near Arera Colony residential area.,English,Sanitation,Open dumping,Arera Colony,48,Medium,INC-0249,Resolved,2026-06-20T21:00:00
CMP-0494,Mobile App,2026-06-18T19:00:00,Bawadiya Kalan में सीवरेज लाइन जाम होने से गंदा पानी घरों के आगे भर गया है।,Hindi,Drainage,Overflowing sewage,Bawadiya Kalan,51,High,INC-0339,Pending,
CMP-0039,CM Helpline,2026-06-18T19:23:00,Deep craters developed on Kotra Sultanabad road after rain. Major hazard for night commuters.,English,Roads,Pothole,Kotra Sultanabad,28,Medium,INC-0005,Resolved,2026-06-20T12:23:00
CMP-0308,Mobile App,2026-06-18T20:00:00,Uneven cracked road stretch in Idgah Hills causing vehicle suspension breakdown.,English,Roads,Road damage,Idgah Hills,9,Medium,INC-0153,In Progress,
CMP-0447,Social Media,2026-06-18T20:00:00,"Bairagarh me paani ka pressure bahut slow hai 2 din se, tanki nahi bhar pa rahi.",Hinglish,Water Supply,Low water pressure,Bairagarh,3,Medium,INC-0292,Resolved,2026-06-23T11:00:00
CMP-0043,CM Helpline,2026-06-18T21:02:00,Kotra Sultanabad मुख्य मार्ग पर जानलेवा गड्ढे हो गए हैं। कई बाइक सवार गिरकर चोटिल हो चुके हैं।,Hindi,Roads,Pothole,Kotra Sultanabad,28,Medium,INC-0005,Resolved,2026-06-19T20:02:00
CMP-0462,CM Helpline,2026-06-18T22:00:00,Storm drain choked with plastic and silt in Sonagiri square. Dirty water overflowing onto road.,English,Drainage,Drain blockage,Sonagiri,61,High,INC-0307,Resolved,2026-06-20T09:00:00
CMP-0232,Municipal Helpline,2026-06-19T00:00:00,"Subhash Nagar sector me complete blackout hai evening se, electricity board call pick nahi kar raha.",Hinglish,Electricity,Power outage,Subhash Nagar,39,High,INC-0077,Pending,
CMP-0263,CM Helpline,2026-06-19T02:00:00,Shyamla Hills की पूरी सड़क पर पिछले एक महीने से स्ट्रीट लाइट बंद है। रात में अंधेरा रहता है।,Hindi,Street Lighting,Streetlight not working,Shyamla Hills,24,Low,INC-0108,Resolved,2026-06-21T04:00:00
CMP-0247,CM Helpline,2026-06-19T05:00:00,Severe water shortage in Indrapuri BHEL area. Not a single drop of water since yesterday.,English,Water Supply,Water outage,Indrapuri,62,High,INC-0092,Resolved,2026-06-20T18:00:00
CMP-0456,Mobile App,2026-06-19T06:00:00,सोनागिरी में कल से पानी की सप्लाई पूरी तरह बंद है। पीने के पानी के लिए भारी परेशानी हो रही है।,Hindi,Water Supply,Water outage,Sonagiri,61,High,INC-0301,Resolved,2026-06-21T12:00:00
CMP-0556,Social Media,2026-06-19T15:00:00,Drainage backflow in Ayodhya bypass road. Unsanitary sewage entering house front yards.,English,Drainage,Overflowing sewage,Ayodhya Bypass,65,High,INC-0401,Pending,
CMP-0044,Municipal Helpline,2026-06-19T15:45:00,"कोतरा सुल्तानाबाद main road pe bahut bade potholes ho gaye hain, do-wheelers roz phisal rahe hain.",Hinglish,Roads,Pothole,Kotra Sultanabad,28,Medium,INC-0005,Resolved,2026-06-19T22:45:00
CMP-0045,CM Helpline,2026-06-19T17:35:00,"Kotra area main road pe bahut bade potholes ho gaye hain, do-wheelers roz phisal rahe hain.",Hinglish,Roads,Pothole,Kotra Sultanabad,28,Medium,INC-0005,Resolved,2026-06-24T10:35:00
CMP-0354,Social Media,2026-06-19T18:00:00,Huge heap of uncollected garbage near Awadhpuri square market. Foul smell is unbearable.,English,Sanitation,Garbage accumulation,Awadhpuri,64,Medium,INC-0199,In Progress,
CMP-0042,CM Helpline,2026-06-19T20:54:00,Deep craters developed on Kotra road after rain. Major hazard for night commuters.,English,Roads,Pothole,Kotra Sultanabad,28,Medium,INC-0005,Resolved,2026-06-23T08:54:00
CMP-0040,CM Helpline,2026-06-19T21:33:00,"कोतरा सुल्तानाबाद रोड पर गड्ढों के कारण भयंकर ट्रैफिक जाम लग रहा है, तुरंत मरम्मत कराएं।",Hindi,Roads,Pothole,Kotra Sultanabad,28,Medium,INC-0005,Resolved,2026-06-21T09:33:00
CMP-0750,CM Helpline,2026-06-20T02:00:00,"Ratibad मुख्य मार्ग पर मृत पशु पड़ा हुआ है, संक्रमण फैलने की आशंका है।",Hindi,Sanitation,Dead animal removal,Ratibad,84,High,INC-0595,Resolved,2026-06-24T09:00:00
CMP-0271,Municipal Helpline,2026-06-20T14:00:00,Illegal open dumping of commercial debris and plastics on vacant plot in Hoshangabad Road.,English,Sanitation,Open dumping,Hoshangabad Road,52,Medium,INC-0116,Resolved,2026-06-23T23:00:00
CMP-0429,Municipal Helpline,2026-06-20T15:00:00,Lalghati me 5 din se paani nahi aa raha hai. Bahut dikkat ho rahi hai.,Hinglish,Water Supply,Water outage,Lalghati,6,High,INC-0274,Resolved,2026-06-24T00:00:00
CMP-0716,CM Helpline,2026-06-20T15:00:00,Drainage backflow in गांधी नगर. Unsanitary sewage entering house front yards.,English,Drainage,Overflowing sewage,Gandhi Nagar,1,High,INC-0561,Resolved,2026-06-21T08:00:00
CMP-0372,Elected Representative,2026-06-20T18:00:00,Entire asphalt surface washed away near Shyamla Hills. Road broken into gravel and dust.,English,Roads,Road damage,Shyamla Hills,24,Medium,INC-0217,In Progress,
CMP-0391,Elected Representative,2026-06-20T18:00:00,"Bittan market ground side nullah jam hai ek hafte se, barish me paani gharo ke andar ghus raha hai.",Hinglish,Drainage,Drain blockage,Bittan Market,46,High,INC-0236,Pending,
CMP-0332,Mobile App,2026-06-20T19:00:00,"साकेत नगर में पिछले एक हफ्ते से पानी नहीं आया है, नगर निगम तुरंत टैंकर भिजवाए।",Hindi,Water Supply,Water outage,Saket Nagar,53,High,INC-0177,In Progress,
CMP-0326,Mobile App,2026-06-21T00:00:00,"Ayodhya nagar road pe main pipeline burst ho gayi hai, paani sadak pe beh raha hai.",Hinglish,Water Supply,Water leakage,Ayodhya Bypass,65,Medium,INC-0171,Resolved,2026-06-25T15:00:00
CMP-0624,CM Helpline,2026-06-21T05:00:00,Dangerous potholes on बिट्टन मार्केट main road. Multiple two-wheeler riders have fallen.,English,Roads,Pothole,Bittan Market,46,Medium,INC-0469,Resolved,2026-06-22T10:00:00
CMP-0620,CM Helpline,2026-06-21T14:00:00,Nehru Nagar में नलों से बदबूदार और गंदा पीला पानी आ रहा है। यह पीने लायक बिल्कुल नहीं है।,Hindi,Water Supply,Contaminated water,Nehru Nagar,26,Critical,INC-0465,Pending,
CMP-0504,CM Helpline,2026-06-21T15:00:00,"Misrod sector me complete blackout hai evening se, electricity board call pick nahi kar raha.",Hinglish,Electricity,Power outage,Misrod,85,High,INC-0349,In Progress,
CMP-0362,CM Helpline,2026-06-21T16:00:00,"New Market me peene ka paani bilkul nahi aa raha 1 week se, please tanker send kijiye.",Hinglish,Water Supply,Water outage,New Market,32,High,INC-0207,In Progress,
CMP-0377,Municipal Helpline,2026-06-21T16:00:00,Bittan Market में बड़ा पेड़ सड़क पर गिर गया है जिससे पूरा रास्ता बंद हो गया है।,Hindi,Roads,Road obstruction,Bittan Market,46,High,INC-0222,Resolved,2026-06-26T11:00:00
CMP-0493,Municipal Helpline,2026-06-22T14:00:00,Complete blackout in Karond sector. No electricity since evening.,English,Electricity,Power outage,Karond,15,High,INC-0338,Resolved,2026-06-27T08:00:00
CMP-0395,CM Helpline,2026-06-22T16:00:00,"पानी की भारी किल्लत नीलबड़ में। बोरिंग और नल दोनों बंद हैं, बच्चे परेशान हो रहे हैं।",Hindi,Water Supply,Water outage,Neelbad,83,High,INC-0240,Pending,
CMP-0574,Social Media,2026-06-22T16:00:00,"बागसेवनिया रोड पर गड्ढों के कारण भयंकर ट्रैफिक जाम लग रहा है, तुरंत मरम्मत कराएं।",Hindi,Roads,Pothole,Bagsewaniya,54,Medium,INC-0419,Resolved,2026-06-25T07:00:00
CMP-0180,CM Helpline,2026-06-22T17:00:00,"Ashoka Garden क्षेत्र में डेंगू का खतरा बढ़ रहा है, कीटनाशक छिड़काव कराया जाए।",Hindi,Public Health,Mosquito breeding / fogging request,Ashoka Garden,38,Medium,INC-0043,Resolved,2026-06-25T14:00:00
CMP-0179,Municipal Helpline,2026-06-22T18:00:00,Dengue and malaria cases rising in Ashoka Garden due to rampant mosquito breeding.,English,Public Health,Mosquito breeding / fogging request,Ashoka Garden,38,Medium,INC-0043,Resolved,2026-06-25T13:00:00
CMP-0340,Municipal Helpline,2026-06-23T04:00:00,Loose power cable snapped and dangling dangerously near Indrapuri market.,English,Electricity,Loose overhead wires,Indrapuri,62,Critical,INC-0185,Resolved,2026-06-25T16:00:00
CMP-0166,Municipal Helpline,2026-06-23T05:00:00,Unscheduled power cut in बैरागढ़ for the past 3 days. Inverter battery discharged.,English,Electricity,Power outage,Bairagarh,3,High,INC-0039,Resolved,2026-06-27T10:00:00
CMP-0167,CM Helpline,2026-06-23T07:00:00,Unscheduled power cut in Sant Hirdaram nagar for the past 3 days. Inverter battery discharged.,English,Electricity,Power outage,Bairagarh,3,High,INC-0039,Resolved,2026-06-24T02:00:00
CMP-0182,CM Helpline,2026-06-23T12:00:00,Severe mosquito menace in Ashoka Garden. Urgent need for anti-larval fogging spray.,English,Public Health,Mosquito breeding / fogging request,Ashoka Garden,38,Medium,INC-0043,Resolved,2026-06-25T03:00:00
CMP-0181,Municipal Helpline,2026-06-23T14:00:00,"अशोका गार्डन क्षेत्र में डेंगू का खतरा बढ़ रहा है, कीटनाशक छिड़काव कराया जाए।",Hindi,Public Health,Mosquito breeding / fogging request,Ashoka Garden,38,Medium,INC-0043,Resolved,2026-06-26T21:00:00
CMP-0403,Mobile App,2026-06-23T15:00:00,Deep craters developed on Bittan Market road after rain. Major hazard for night commuters.,English,Roads,Pothole,Bittan Market,46,Medium,INC-0248,Pending,
CMP-0130,Elected Representative,2026-06-23T17:00:00,Karond क्षेत्र में मुख्य नाला जाम होने से रिहायशी घरों के सामने जलभराव हो गया है।,Hindi,Drainage,Drain blockage,Karond,15,High,INC-0027,Resolved,2026-06-27T23:00:00
CMP-0273,CM Helpline,2026-06-23T17:00:00,"Idgah Hills chourahe ke paas heavy water leakage ho rahi hai pipeline se, please fix it.",Hinglish,Water Supply,Water leakage,Idgah Hills,9,Medium,INC-0118,In Progress,
CMP-0419,Mobile App,2026-06-23T18:00:00,"TT Nagar area me heavy voltage drop hai, appliances damage ho rahe hain.",Hinglish,Electricity,Low voltage,TT Nagar,33,Medium,INC-0264,Resolved,2026-06-26T02:00:00
CMP-0645,CM Helpline,2026-06-23T18:00:00,Severe voltage fluctuation in Anand Nagar damaging home electronics and appliances.,English,Electricity,Low voltage,Anand Nagar,63,Medium,INC-0490,Resolved,2026-06-25T06:00:00
CMP-0351,Municipal Helpline,2026-06-23T19:00:00,Barkheda में सीवरेज लाइन जाम होने से गंदा पानी घरों के आगे भर गया है।,Hindi,Drainage,Overflowing sewage,Barkheda,59,High,INC-0196,Resolved,2026-06-27T16:00:00
CMP-0713,Municipal Helpline,2026-06-23T22:00:00,Garbage dumped on Piplani roadside for 3 days. Stray cattle and dogs scattering waste.,English,Sanitation,Garbage accumulation,Piplani,60,Medium,INC-0558,Resolved,2026-06-24T12:00:00
CMP-0165,CM Helpline,2026-06-23T23:00:00,Complete blackout in Sant Hirdaram nagar sector. No electricity since evening.,English,Electricity,Power outage,Bairagarh,3,High,INC-0039,Resolved,2026-06-27T15:00:00
CMP-0392,CM Helpline,2026-06-24T00:00:00,Kamla Nagar क्षेत्र में नल में पानी नहीं आ रहा है 3 दिन से। कृपया तुरंत जल प्रदाय शुरू कराएं।,Hindi,Water Supply,Water outage,Kamla Nagar,29,High,INC-0237,Pending,
CMP-0243,Elected Representative,2026-06-24T03:00:00,"Arera Colony me broken manhole lid hai, accident hone se pehle cover fix karo please.",Hinglish,Drainage,Damaged manhole cover,Arera Colony,48,Critical,INC-0088,Pending,
CMP-0128,CM Helpline,2026-06-24T09:00:00,Nullah blocked near Karond causing artificial waterlogging during light rains.,English,Drainage,Drain blockage,Karond,15,High,INC-0027,Resolved,2026-06-25T18:00:00
CMP-0129,Mobile App,2026-06-24T12:00:00,करोंद क्षेत्र में मुख्य नाला जाम होने से रिहायशी घरों के सामने जलभराव हो गया है।,Hindi,Drainage,Drain blockage,Karond,15,High,INC-0027,Resolved,2026-06-24T16:00:00
CMP-0131,CM Helpline,2026-06-24T12:00:00,"Karond me drain blocked hai plastic ki wajah se, dirty water road pe overflow kar raha hai.",Hinglish,Drainage,Drain blockage,Karond,15,High,INC-0027,Resolved,2026-06-28T15:00:00
CMP-0262,CM Helpline,2026-06-25T05:00:00,Streetlights on the entire stretch of Govindpura are dark for 2 days. Safety hazard for women.,English,Street Lighting,Streetlight not working,Govindpura,58,Low,INC-0107,Resolved,2026-06-28T07:00:00
CMP-0265,Elected Representative,2026-06-25T17:00:00,Naked electrical wires hanging out from the base of streetlight pole in Kolar side.,English,Street Lighting,Exposed wiring on pole,Kolar,80,Critical,INC-0110,In Progress,
CMP-0396,Municipal Helpline,2026-06-25T19:00:00,भदभदा में सार्वजनिक शौचालय में गंदगी का अंबार है और पानी की कोई व्यवस्था नहीं है।,Hindi,Public Health,Public toilet sanitation,Bhadbhada,27,Medium,INC-0241,In Progress,
CMP-0516,Mobile App,2026-06-25T20:00:00,Hoshangabad Road क्षेत्र में नल में पानी नहीं आ रहा है कल से। कृपया तुरंत जल प्रदाय शुरू कराएं।,Hindi,Water Supply,Water outage,Hoshangabad Road,52,High,INC-0361,Pending,
CMP-0141,Social Media,2026-06-26T01:00:00,"होशंगाबाद रोड रोड पर गड्ढों के कारण भयंकर ट्रैफिक जाम लग रहा है, तुरंत मरम्मत कराएं।",Hindi,Roads,Pothole,Hoshangabad Road,52,Medium,INC-0031,Resolved,2026-06-28T08:00:00
CMP-0662,Mobile App,2026-06-26T06:00:00,गोविंदपुरा में 2 दिन से पानी की सप्लाई पूरी तरह बंद है। पीने के पानी के लिए भारी परेशानी हो रही है।,Hindi,Water Supply,Water outage,Govindpura,58,High,INC-0507,In Progress,
CMP-0142,CM Helpline,2026-06-26T09:00:00,"Aashima mall area square ke paas deep pothole hai, night me visible nahi hota, accident prone hai.",Hinglish,Roads,Pothole,Hoshangabad Road,52,Medium,INC-0031,Resolved,2026-07-01T01:00:00
CMP-0143,Municipal Helpline,2026-06-26T15:00:00,"होशंगाबाद रोड रोड पर गड्ढों के कारण भयंकर ट्रैफिक जाम लग रहा है, तुरंत मरम्मत कराएं।",Hindi,Roads,Pothole,Hoshangabad Road,52,Medium,INC-0031,Resolved,2026-06-27T18:00:00
CMP-0206,Municipal Helpline,2026-06-26T15:00:00,Garbage dumped on Lalghati roadside for 10 days. Stray cattle and dogs scattering waste.,English,Sanitation,Garbage accumulation,Lalghati,6,Medium,INC-0051,In Progress,
CMP-0378,Municipal Helpline,2026-06-26T15:00:00,Drainage backflow in TT Nagar. Unsanitary sewage entering house front yards.,English,Drainage,Overflowing sewage,TT Nagar,33,High,INC-0223,Resolved,2026-06-28T17:00:00
CMP-0242,Mobile App,2026-06-26T23:00:00,Koh-e-Fiza में 3 दिन से पानी का प्रेशर बहुत धीमा है। टंकी भरने में घंटों लग रहे हैं।,Hindi,Water Supply,Low water pressure,Koh-e-Fiza,8,Medium,INC-0087,Resolved,2026-06-29T22:00:00
CMP-0704,CM Helpline,2026-06-26T23:00:00,Unscheduled power cut in Karond square for the past 10 days. Inverter battery discharged.,English,Electricity,Power outage,Karond,15,High,INC-0549,Resolved,2026-06-30T06:00:00
CMP-0268,Mobile App,2026-06-27T00:00:00,Sewage chamber overflowing on Bharat Bhavan area residential street. Filthy black water spreading.,English,Drainage,Overflowing sewage,Shyamla Hills,24,High,INC-0113,Resolved,2026-06-28T22:00:00
CMP-0607,Municipal Helpline,2026-06-27T02:00:00,"Bhadbhada me power cut chal raha hai 1 week se, fan light sab band hai, please light chalu karo.",Hinglish,Electricity,Power outage,Bhadbhada,27,High,INC-0452,Resolved,2026-06-28T08:00:00
CMP-0287,Elected Representative,2026-06-27T05:00:00,"Subhash nagar metro station side nullah jam hai 5 din se, barish me paani gharo ke andar ghus raha hai.",Hinglish,Drainage,Drain blockage,Subhash Nagar,39,High,INC-0132,Resolved,2026-06-29T22:00:00
CMP-0514,Municipal Helpline,2026-06-28T05:00:00,"Kolar nagar me kachra gaadi 1 week se nahi aayi hai, gharo me kachra jama hai.",Hinglish,Sanitation,Irregular garbage collection,Kolar,80,Low,INC-0359,In Progress,
CMP-0047,Municipal Helpline,2026-06-28T11:56:00,No municipal tap water in Gulmohar since 4 days. Kindly restore the supply immediately.,English,Water Supply,Water outage,Gulmohar,49,High,INC-0006,Resolved,2026-07-02T18:56:00
CMP-0320,CM Helpline,2026-06-28T16:00:00,"नेहरू नगर area me heavy voltage drop hai, appliances damage ho rahe hain.",Hinglish,Electricity,Low voltage,Nehru Nagar,26,Medium,INC-0165,Pending,
CMP-0505,Municipal Helpline,2026-06-28T17:00:00,"बिट्टन मार्केट me drain blocked hai plastic ki wajah se, dirty water road pe overflow kar raha hai.",Hinglish,Drainage,Drain blockage,Bittan Market,46,High,INC-0350,Resolved,2026-06-29T11:00:00
CMP-0050,CM Helpline,2026-06-29T01:21:00,Gulmohar में 4 दिन से पानी की सप्लाई पूरी तरह बंद है। पीने के पानी के लिए भारी परेशानी हो रही है।,Hindi,Water Supply,Water outage,Gulmohar,49,High,INC-0006,Resolved,2026-07-01T00:21:00
CMP-0051,Elected Representative,2026-06-29T01:43:00,"पानी की भारी किल्लत Gulmohar में। बोरिंग और नल दोनों बंद हैं, बच्चे परेशान हो रहे हैं।",Hindi,Water Supply,Water outage,Gulmohar,49,High,INC-0006,Resolved,2026-07-03T20:43:00
CMP-0313,Social Media,2026-06-29T05:00:00,"Ayodhya Bypass me sewer line choked hai, black water sadak par fail gaya hai.",Hinglish,Drainage,Overflowing sewage,Ayodhya Bypass,65,High,INC-0158,Resolved,2026-07-02T08:00:00
CMP-0049,CM Helpline,2026-06-29T06:14:00,Water supply stopped abruptly in E-8 Gulmohar without prior notice. Need urgent water tanker.,English,Water Supply,Water outage,Gulmohar,49,High,INC-0006,Resolved,2026-06-29T12:14:00
CMP-0046,Social Media,2026-06-29T11:56:00,No municipal tap water in Gulmohar since 3 days. Kindly restore the supply immediately.,English,Water Supply,Water outage,Gulmohar,49,High,INC-0006,Resolved,2026-07-04T04:56:00
CMP-0577,Elected Representative,2026-06-29T18:00:00,"लालघाटी क्षेत्र में नल से बहुत कम पानी आ रहा है, कृपया प्रेशर की जांच करवाएं।",Hindi,Water Supply,Low water pressure,Lalghati,6,Medium,INC-0422,In Progress,
CMP-0048,Mobile App,2026-06-29T18:55:00,Bhai Gulmohar Colony side tap water completely band hai 1 week se. Please urgent help karo.,Hinglish,Water Supply,Water outage,Gulmohar,49,High,INC-0006,Resolved,2026-07-04T12:55:00
CMP-0650,CM Helpline,2026-06-29T22:00:00,"Jahangirabad क्षेत्र में सड़क धंस गई है, भारी वाहनों के चलने से खतरा बढ़ गया है।",Hindi,Roads,Road damage,Jahangirabad,41,Medium,INC-0495,Resolved,2026-07-02T18:00:00
CMP-0449,Municipal Helpline,2026-06-29T23:00:00,गोविंदपुरा में पिछले 5 दिन से अघोषित बिजली कटौती है। भीषण गर्मी में लोग परेशान हैं।,Hindi,Electricity,Power outage,Govindpura,58,High,INC-0294,Resolved,2026-07-01T08:00:00
CMP-0387,Municipal Helpline,2026-06-30T05:00:00,"Kamla Nagar road pe dead animal pada hua hai kal se, bahut badboo aa rahi hai, urgent remove karo.",Hinglish,Sanitation,Dead animal removal,Kamla Nagar,29,High,INC-0232,In Progress,
CMP-0317,Mobile App,2026-06-30T06:00:00,Dangerous potholes on Shahpura main road. Multiple two-wheeler riders have fallen.,English,Roads,Pothole,Shahpura,50,Medium,INC-0162,Pending,
CMP-0454,CM Helpline,2026-06-30T16:00:00,करोंद क्षेत्र में नल में पानी नहीं आ रहा है 5 दिन से। कृपया तुरंत जल प्रदाय शुरू कराएं।,Hindi,Water Supply,Water outage,Karond,15,High,INC-0299,Pending,
CMP-0495,Municipal Helpline,2026-06-30T16:00:00,गुलमोहर में सीवरेज लाइन जाम होने से गंदा पानी घरों के आगे भर गया है।,Hindi,Drainage,Overflowing sewage,Gulmohar,49,High,INC-0340,Resolved,2026-07-03T13:00:00
CMP-0633,Mobile App,2026-07-01T16:00:00,इंद्रपुरी में नलों से बदबूदार और गंदा पीला पानी आ रहा है। यह पीने लायक बिल्कुल नहीं है।,Hindi,Water Supply,Contaminated water,Indrapuri,62,Critical,INC-0478,Pending,
CMP-0217,Mobile App,2026-07-02T05:00:00,"Jahangirabad chowki square ke paas deep pothole hai, night me visible nahi hota, accident prone hai.",Hinglish,Roads,Pothole,Jahangirabad,41,Medium,INC-0062,Resolved,2026-07-05T14:00:00
CMP-0590,Elected Representative,2026-07-02T06:00:00,"Bhadbhada road area me water supply cut off hai kal se, sabhi log pareshan hain.",Hinglish,Water Supply,Water outage,Bhadbhada,27,High,INC-0435,Resolved,2026-07-04T22:00:00
CMP-0692,Mobile App,2026-07-02T23:00:00,Deep craters developed on Govindpura Industrial Area road after rain. Major hazard for night commuters.,English,Roads,Pothole,Govindpura,58,Medium,INC-0537,Resolved,2026-07-03T22:00:00
CMP-0257,CM Helpline,2026-07-03T04:00:00,"Barkheda market me streetlights band hain kal se, raat ko poora dark ho jata hai, safety risk hai.",Hinglish,Street Lighting,Streetlight not working,Barkheda,59,Low,INC-0102,Resolved,2026-07-07T09:00:00
CMP-0284,Municipal Helpline,2026-07-03T06:00:00,Bhai पिपलानी side tap water completely band hai 1 week se. Please urgent help karo.,Hinglish,Water Supply,Water outage,Piplani,60,High,INC-0129,Resolved,2026-07-04T03:00:00
CMP-0067,CM Helpline,2026-07-03T09:08:00,"Piplani sector me complete blackout hai evening se, electricity board call pick nahi kar raha.",Hinglish,Electricity,Power outage,Piplani,60,High,INC-0009,Pending,
CMP-0437,CM Helpline,2026-07-03T16:00:00,Water supply stopped abruptly in Shahpura B sector without prior notice. Need urgent water tanker.,English,Water Supply,Water outage,Shahpura,50,High,INC-0282,Pending,
CMP-0066,Municipal Helpline,2026-07-03T19:17:00,"पिपलानी क्षेत्र में बिजली गुल है, ग्रिड या ट्रांसफार्मर में खराबी की आशंका है।",Hindi,Electricity,Power outage,Piplani,60,High,INC-0009,Pending,
CMP-0464,Municipal Helpline,2026-07-03T22:00:00,"पानी की भारी किल्लत Idgah Hills में। बोरिंग और नल दोनों बंद हैं, बच्चे परेशान हो रहे हैं।",Hindi,Water Supply,Water outage,Idgah Hills,9,High,INC-0309,Pending,
CMP-0065,Mobile App,2026-07-04T08:16:00,"Piplani sector me complete blackout hai evening se, electricity board call pick nahi kar raha.",Hinglish,Electricity,Power outage,Piplani,60,High,INC-0009,Pending,
CMP-0344,CM Helpline,2026-07-04T16:00:00,"Bairagarh क्षेत्र में डेंगू का खतरा बढ़ रहा है, कीटनाशक छिड़काव कराया जाए।",Hindi,Public Health,Mosquito breeding / fogging request,Bairagarh,3,Medium,INC-0189,Resolved,2026-07-09T14:00:00
CMP-0380,Municipal Helpline,2026-07-04T16:00:00,"New Market me drain blocked hai plastic ki wajah se, dirty water road pe overflow kar raha hai.",Hinglish,Drainage,Drain blockage,New Market,32,High,INC-0225,Resolved,2026-07-05T22:00:00
CMP-0714,Elected Representative,2026-07-04T17:00:00,Ratibad क्षेत्र में मुख्य नाला जाम होने से रिहायशी घरों के सामने जलभराव हो गया है।,Hindi,Drainage,Drain blockage,Ratibad,84,High,INC-0559,Resolved,2026-07-06T07:00:00
CMP-0234,CM Helpline,2026-07-04T21:00:00,एमपी नगर क्षेत्र में मुख्य नाला जाम होने से रिहायशी घरों के सामने जलभराव हो गया है।,Hindi,Drainage,Drain blockage,MP Nagar,47,High,INC-0079,In Progress,
CMP-0710,Municipal Helpline,2026-07-04T21:00:00,Contaminated sewer water mixing with drinking supply in एमपी नगर. Risk of cholera outbreak.,English,Water Supply,Contaminated water,MP Nagar,47,Critical,INC-0555,In Progress,
CMP-0715,CM Helpline,2026-07-04T22:00:00,"Broken, sunken manhole lid in Idgah Hills. Someone placed a tree branch as warning.",English,Drainage,Damaged manhole cover,Idgah Hills,9,Critical,INC-0560,Pending,
CMP-0063,Elected Representative,2026-07-04T22:33:00,"Piplani sector me complete blackout hai evening se, electricity board call pick nahi kar raha.",Hinglish,Electricity,Power outage,Piplani,60,High,INC-0009,Pending,
CMP-0408,Social Media,2026-07-05T00:00:00,Pack of aggressive stray dogs chasing pedestrians and cyclists in Gandhi Nagar.,English,Public Health,Stray dog menace,Gandhi Nagar,1,Medium,INC-0253,Resolved,2026-07-09T18:00:00
CMP-0451,Mobile App,2026-07-05T01:00:00,Severe water shortage in भदभदा area. Not a single drop of water since yesterday.,English,Water Supply,Water outage,Bhadbhada,27,High,INC-0296,Resolved,2026-07-05T09:00:00
CMP-0486,Mobile App,2026-07-05T01:00:00,"गांधी नगर side trickle flow aa raha hai municipal line se, please check karo.",Hinglish,Water Supply,Low water pressure,Gandhi Nagar,1,Medium,INC-0331,Resolved,2026-07-07T00:00:00
CMP-0064,Municipal Helpline,2026-07-05T02:57:00,"Piplani क्षेत्र में बिजली गुल है, ग्रिड या ट्रांसफार्मर में खराबी की आशंका है।",Hindi,Electricity,Power outage,Piplani,60,High,INC-0009,Pending,
CMP-0636,Social Media,2026-07-05T20:00:00,Bagsewaniya के पास मुख्य पाइपलाइन फूट गई है और हजारों लीटर साफ पानी सड़क पर बह रहा है।,Hindi,Water Supply,Water leakage,Bagsewaniya,54,Medium,INC-0481,Pending,
CMP-0718,Municipal Helpline,2026-07-05T20:00:00,"Bhai Top n Town New Market road ki halat kharab hai, gaddhe hi gaddhe hain, repair karwao please.",Hinglish,Roads,Pothole,New Market,32,Medium,INC-0563,In Progress,
CMP-0381,Elected Representative,2026-07-06T03:00:00,Hoshangabad highway me open plot pe unauthorized dumping ho rahi hai roz raat ko.,Hinglish,Sanitation,Open dumping,Hoshangabad Road,52,Medium,INC-0226,In Progress,
CMP-0736,Mobile App,2026-07-06T03:00:00,"अवधपुरी क्षेत्र में खंभे की लाइट खराब है, असामाजिक तत्वों का जमावड़ा लग रहा है।",Hindi,Street Lighting,Streetlight not working,Awadhpuri,64,Low,INC-0581,Pending,
CMP-0309,CM Helpline,2026-07-06T06:00:00,Nullah blocked near Bagsewaniya causing artificial waterlogging during light rains.,English,Drainage,Drain blockage,Bagsewaniya,54,High,INC-0154,In Progress,
CMP-0515,CM Helpline,2026-07-06T06:00:00,"Bittan market ground ke paas dead dog lying on road, please municipal sanitary team ko alert karo.",Hinglish,Sanitation,Dead animal removal,Bittan Market,46,High,INC-0360,Resolved,2026-07-06T21:00:00
CMP-0107,Mobile App,2026-07-06T10:00:00,"कोलार में पिछले कल से पानी नहीं आया है, नगर निगम तुरंत टैंकर भिजवाए।",Hindi,Water Supply,Water outage,Kolar,80,High,INC-0020,Resolved,2026-07-08T11:00:00
CMP-0144,CM Helpline,2026-07-06T16:00:00,"होशंगाबाद रोड चौराहे के पास सड़क में बड़े-बड़े गड्ढे हैं, रात में दुर्घटना का भारी खतरा है।",Hindi,Roads,Pothole,Hoshangabad Road,52,Medium,INC-0032,Resolved,2026-07-09T19:00:00
CMP-0157,Mobile App,2026-07-06T16:00:00,Light pole fixture not functional in Shahpura. Area completely pitch dark at night.,English,Street Lighting,Streetlight not working,Shahpura,50,Low,INC-0036,Resolved,2026-07-08T16:00:00
CMP-0573,Mobile App,2026-07-06T17:00:00,Severe mosquito menace in बावड़िया कलां. Urgent need for anti-larval fogging spray.,English,Public Health,Mosquito breeding / fogging request,Bawadiya Kalan,51,Medium,INC-0418,Resolved,2026-07-08T12:00:00
CMP-0156,CM Helpline,2026-07-06T18:00:00,Streetlights on the entire stretch of Shahpura are dark for 4 days. Safety hazard for women.,English,Street Lighting,Streetlight not working,Shahpura,50,Low,INC-0036,Resolved,2026-07-11T04:00:00
CMP-0693,Mobile App,2026-07-06T19:00:00,Dangerous potholes on M.P. Nagar main road. Multiple two-wheeler riders have fallen.,English,Roads,Pothole,MP Nagar,47,Medium,INC-0538,Pending,
CMP-0346,CM Helpline,2026-07-06T22:00:00,"Ayodhya Bypass park ke paas trash pile up ho gaya hai, please Nagar Nigam vehicle bhejo.",Hinglish,Sanitation,Garbage accumulation,Ayodhya Bypass,65,Medium,INC-0191,Resolved,2026-07-10T11:00:00
CMP-0288,Elected Representative,2026-07-07T02:00:00,Stagnant pool of green dirty water near Chuna Bhatti residential plots breeding pests.,English,Public Health,Stagnant water near habitation,Chuna Bhatti,82,Medium,INC-0133,Resolved,2026-07-08T04:00:00
CMP-0155,Municipal Helpline,2026-07-07T05:00:00,Streetlights on the entire stretch of Shahpura are dark for one week. Safety hazard for women.,English,Street Lighting,Streetlight not working,Shahpura,50,Low,INC-0036,Resolved,2026-07-07T16:00:00
CMP-0106,CM Helpline,2026-07-07T06:00:00,Kolar में एक हफ्ते से पानी की सप्लाई पूरी तरह बंद है। पीने के पानी के लिए भारी परेशानी हो रही है।,Hindi,Water Supply,Water outage,Kolar,80,High,INC-0020,Resolved,2026-07-11T23:00:00
CMP-0520,Municipal Helpline,2026-07-07T14:00:00,"Kolar pole ke base pe live wires exposed hain, immediate action needed.",Hinglish,Street Lighting,Exposed wiring on pole,Kolar,80,Critical,INC-0365,In Progress,
CMP-0739,CM Helpline,2026-07-07T16:00:00,"न्यू मार्केट के खाली मैदान में ठहरा हुआ पानी सड़ रहा है, पानी की निकासी कराई जाए।",Hindi,Public Health,Stagnant water near habitation,New Market,32,Medium,INC-0584,Pending,
CMP-0105,CM Helpline,2026-07-07T17:00:00,"Kolar में पिछले कल से पानी नहीं आया है, नगर निगम तुरंत टैंकर भिजवाए।",Hindi,Water Supply,Water outage,Kolar,80,High,INC-0020,Resolved,2026-07-08T00:00:00
CMP-0305,Mobile App,2026-07-07T19:00:00,Deep craters developed on Bawadiya Kalan road after rain. Major hazard for night commuters.,English,Roads,Pothole,Bawadiya Kalan,51,Medium,INC-0150,In Progress,
CMP-0557,Municipal Helpline,2026-07-07T19:00:00,Water supply has been completely cut off in टीटी नगर for 4 days. Residents are facing severe hardship.,English,Water Supply,Water outage,TT Nagar,33,High,INC-0402,In Progress,
CMP-0118,Social Media,2026-07-07T22:00:00,Garbage dumped on एमपी नगर roadside for 2 days. Stray cattle and dogs scattering waste.,English,Sanitation,Garbage accumulation,MP Nagar,47,Medium,INC-0024,Resolved,2026-07-11T21:00:00
CMP-0681,Mobile App,2026-07-08T00:00:00,"Gulmohar me road completely break ho chuki hai, sirf dust aur stones bache hain.",Hinglish,Roads,Road damage,Gulmohar,49,Medium,INC-0526,Resolved,2026-07-12T10:00:00
CMP-0119,CM Helpline,2026-07-08T01:00:00,Garbage dumped on MP nagar market roadside for one week. Stray cattle and dogs scattering waste.,English,Sanitation,Garbage accumulation,MP Nagar,47,Medium,INC-0024,Resolved,2026-07-11T15:00:00
CMP-0145,CM Helpline,2026-07-08T02:00:00,Dangerous potholes on Hoshangabad Road main road. Multiple two-wheeler riders have fallen.,English,Roads,Pothole,Hoshangabad Road,52,Medium,INC-0032,Resolved,2026-07-09T23:00:00
CMP-0120,Social Media,2026-07-08T13:00:00,Open trash piled up near MP Nagar Zone 2 community park. Health hazard for children and elders.,English,Sanitation,Garbage accumulation,MP Nagar,47,Medium,INC-0024,Resolved,2026-07-12T11:00:00
CMP-0549,Municipal Helpline,2026-07-08T15:00:00,Carcass of dead cattle on the road in Lalghati Chouraha. Please dispatch sanitation squad immediately.,English,Sanitation,Dead animal removal,Lalghati,6,High,INC-0394,In Progress,
CMP-0499,CM Helpline,2026-07-08T17:00:00,Open trash piled up near शाहपुरा community park. Health hazard for children and elders.,English,Sanitation,Garbage accumulation,Shahpura,50,Medium,INC-0344,In Progress,
CMP-0424,Social Media,2026-07-08T20:00:00,"Bittan Market main road pe bahut bade potholes ho gaye hain, do-wheelers roz phisal rahe hain.",Hinglish,Roads,Pothole,Bittan Market,46,Medium,INC-0269,Pending,
CMP-0386,Mobile App,2026-07-08T22:00:00,"MP Nagar में सफाई कर्मचारी कचरा नहीं उठा रहे हैं, चारों तरफ कूड़ा बिखरा पड़ा है।",Hindi,Sanitation,Garbage accumulation,MP Nagar,47,Medium,INC-0231,Pending,
CMP-0121,Social Media,2026-07-08T23:00:00,"MP Nagar me bahut sara kachra jama ho gaya hai 3 din se, bohot gandi smell aa rahi hai.",Hinglish,Sanitation,Garbage accumulation,MP Nagar,47,Medium,INC-0024,Resolved,2026-07-12T10:00:00
CMP-0216,Elected Representative,2026-07-08T23:00:00,Shahpura में मच्छरों का भारी प्रकोप है। नगर निगम तुरंत फागिंग मशीन भिजवाए।,Hindi,Public Health,Mosquito breeding / fogging request,Shahpura,50,Medium,INC-0061,In Progress,
CMP-0226,Elected Representative,2026-07-09T02:00:00,Unscheduled power cut in Govindpura for the past yesterday. Inverter battery discharged.,English,Electricity,Power outage,Govindpura,58,High,INC-0071,Pending,
CMP-0296,Social Media,2026-07-09T15:00:00,Water supply has been completely cut off in Gandhi Nagar for 3 days. Residents are facing severe hardship.,English,Water Supply,Water outage,Gandhi Nagar,1,High,INC-0141,Pending,
CMP-0290,CM Helpline,2026-07-09T21:00:00,Contaminated sewer water mixing with drinking supply in Bhadbhada. Risk of cholera outbreak.,English,Water Supply,Contaminated water,Bhadbhada,27,Critical,INC-0135,Resolved,2026-07-12T09:00:00
CMP-0727,CM Helpline,2026-07-09T21:00:00,"Karond me bahut sara kachra jama ho gaya hai kal se, bohot gandi smell aa rahi hai.",Hinglish,Sanitation,Garbage accumulation,Karond,15,Medium,INC-0572,Pending,
CMP-0688,Municipal Helpline,2026-07-10T03:00:00,"Misrod क्षेत्र में पीने के पानी में सीवेज का पानी मिल रहा है, लोग बीमार पड़ रहे हैं।",Hindi,Water Supply,Contaminated water,Misrod,85,Critical,INC-0533,Pending,
CMP-0542,Mobile App,2026-07-10T04:00:00,Shyamla ke raste me construction debris dump karke block kar diya hai.,Hinglish,Roads,Road obstruction,Shyamla Hills,24,High,INC-0387,In Progress,
CMP-0285,Elected Representative,2026-07-10T05:00:00,Water supply stopped abruptly in Idgah Hills without prior notice. Need urgent water tanker.,English,Water Supply,Water outage,Idgah Hills,9,High,INC-0130,Pending,
CMP-0656,Mobile App,2026-07-10T05:00:00,Severe water shortage in कोलार area. Not a single drop of water since yesterday.,English,Water Supply,Water outage,Kolar,80,High,INC-0501,Resolved,2026-07-13T18:00:00
CMP-0663,Municipal Helpline,2026-07-11T01:00:00,"एमपी नगर मुख्य मार्ग पर मृत पशु पड़ा हुआ है, संक्रमण फैलने की आशंका है।",Hindi,Sanitation,Dead animal removal,MP Nagar,47,High,INC-0508,Resolved,2026-07-15T03:00:00
CMP-0389,CM Helpline,2026-07-11T03:00:00,Severe water shortage in Gulmohar Colony area. Not a single drop of water since yesterday.,English,Water Supply,Water outage,Gulmohar,49,High,INC-0234,Pending,
CMP-0540,Elected Representative,2026-07-11T06:00:00,"Jahangirabad residential lane me sewage overflow ho raha hai, filthy smell aur health hazard hai.",Hinglish,Drainage,Overflowing sewage,Jahangirabad,41,High,INC-0385,Pending,
CMP-0185,Mobile App,2026-07-12T02:00:00,Severe mosquito menace in Ashoka Garden. Urgent need for anti-larval fogging spray.,English,Public Health,Mosquito breeding / fogging request,Ashoka Garden,38,Medium,INC-0044,Resolved,2026-07-14T22:00:00
CMP-0183,CM Helpline,2026-07-12T15:00:00,"Ashoka Garden me machhar bohot badh gaye hain, malaria dengue ka fear hai, please fogging karwa do.",Hinglish,Public Health,Mosquito breeding / fogging request,Ashoka Garden,38,Medium,INC-0044,Resolved,2026-07-16T05:00:00
CMP-0186,Municipal Helpline,2026-07-12T17:00:00,अशोका गार्डन में मच्छरों का भारी प्रकोप है। नगर निगम तुरंत फागिंग मशीन भिजवाए।,Hindi,Public Health,Mosquito breeding / fogging request,Ashoka Garden,38,Medium,INC-0044,Resolved,2026-07-14T00:00:00
CMP-0184,CM Helpline,2026-07-12T19:00:00,"Ashoka garden thana me machhar bohot badh gaye hain, malaria dengue ka fear hai, please fogging karwa do.",Hinglish,Public Health,Mosquito breeding / fogging request,Ashoka Garden,38,Medium,INC-0044,Resolved,2026-07-17T03:00:00
CMP-0260,CM Helpline,2026-07-12T21:00:00,"सुभाष नगर me drain blocked hai plastic ki wajah se, dirty water road pe overflow kar raha hai.",Hinglish,Drainage,Drain blockage,Subhash Nagar,39,High,INC-0105,Resolved,2026-07-15T23:00:00
CMP-0411,CM Helpline,2026-07-12T21:00:00,Shahpura main road par fallen tree branch ki wajah se heavy jam laga hai.,Hinglish,Roads,Road obstruction,Shahpura,50,High,INC-0256,Resolved,2026-07-15T03:00:00
CMP-0519,Mobile App,2026-07-12T21:00:00,"ईदगाह हिल्स side loose electrical wire zameen ke paas aa gaya hai, please fix it.",Hinglish,Electricity,Loose overhead wires,Idgah Hills,9,Critical,INC-0364,Pending,
CMP-0433,Municipal Helpline,2026-07-13T02:00:00,"अरेरा कॉलोनी side road sink ho gayi hai, gaadi chalana dangerous ho gaya hai.",Hinglish,Roads,Road damage,Arera Colony,48,Medium,INC-0278,In Progress,
CMP-0374,Municipal Helpline,2026-07-13T21:00:00,Uneven cracked road stretch in Panchsheel Nagar causing vehicle suspension breakdown.,English,Roads,Road damage,Panchsheel Nagar,30,Medium,INC-0219,Resolved,2026-07-15T19:00:00
CMP-0562,CM Helpline,2026-07-14T01:00:00,Shyamla Hills के पास पूरी सड़क उखड़ गई है और केवल गिट्टी और धूल उड़ रही है।,Hindi,Roads,Road damage,Shyamla Hills,24,Medium,INC-0407,In Progress,
CMP-0293,CM Helpline,2026-07-14T03:00:00,"Panchsheel Nagar me machhar bohot badh gaye hain, malaria dengue ka fear hai, please fogging karwa do.",Hinglish,Public Health,Mosquito breeding / fogging request,Panchsheel Nagar,30,Medium,INC-0138,Resolved,2026-07-17T05:00:00
CMP-0489,Mobile App,2026-07-14T21:00:00,Light pole fixture not functional in Shahpura. Area completely pitch dark at night.,English,Street Lighting,Streetlight not working,Shahpura,50,Low,INC-0334,Resolved,2026-07-16T10:00:00
CMP-0420,CM Helpline,2026-07-14T23:00:00,Waterlogged vacant plot in Chuna Bhatti emitting foul odor and breeding vector mosquitoes.,English,Public Health,Stagnant water near habitation,Chuna Bhatti,82,Medium,INC-0265,Resolved,2026-07-17T19:00:00
CMP-0564,Mobile App,2026-07-15T05:00:00,Live electrical wires exposed on metal pole in North TT Nagar. Risk of electrocution in rain.,English,Street Lighting,Exposed wiring on pole,TT Nagar,33,Critical,INC-0409,In Progress,
CMP-0279,CM Helpline,2026-07-15T15:00:00,बैरागढ़ में सार्वजनिक शौचालय में गंदगी का अंबार है और पानी की कोई व्यवस्था नहीं है।,Hindi,Public Health,Public toilet sanitation,Bairagarh,3,Medium,INC-0124,Resolved,2026-07-17T11:00:00
CMP-0598,CM Helpline,2026-07-15T15:00:00,अयोध्या बायपास में 4 दिन से पानी का प्रेशर बहुत धीमा है। टंकी भरने में घंटों लग रहे हैं।,Hindi,Water Supply,Low water pressure,Ayodhya Bypass,65,Medium,INC-0443,In Progress,
CMP-0254,Social Media,2026-07-15T16:00:00,Deep craters developed on Shahpura B sector road after rain. Major hazard for night commuters.,English,Roads,Pothole,Shahpura,50,Medium,INC-0099,Pending,
CMP-0307,Elected Representative,2026-07-15T16:00:00,अरेरा कॉलोनी में बड़ा पेड़ सड़क पर गिर गया है जिससे पूरा रास्ता बंद हो गया है।,Hindi,Roads,Road obstruction,Arera Colony,48,High,INC-0152,Resolved,2026-07-19T13:00:00
CMP-0219,Mobile App,2026-07-15T18:00:00,Bhai Lalghati side tap water completely band hai 3 din se. Please urgent help karo.,Hinglish,Water Supply,Water outage,Lalghati,6,High,INC-0064,In Progress,
CMP-0169,Social Media,2026-07-15T20:00:00,"Bairagarh क्षेत्र में बिजली गुल है, ग्रिड या ट्रांसफार्मर में खराबी की आशंका है।",Hindi,Electricity,Power outage,Bairagarh,3,High,INC-0040,Resolved,2026-07-19T08:00:00
CMP-0171,Municipal Helpline,2026-07-15T21:00:00,"Sant Hirdaram nagar me power cut chal raha hai kal se, fan light sab band hai, please light chalu karo.",Hinglish,Electricity,Power outage,Bairagarh,3,High,INC-0040,Resolved,2026-07-16T10:00:00
CMP-0196,Municipal Helpline,2026-07-15T21:00:00,Sewage chamber overflowing on Jahangirabad police line residential street. Filthy black water spreading.,English,Drainage,Overflowing sewage,Jahangirabad,41,High,INC-0048,Resolved,2026-07-19T19:00:00
CMP-0603,CM Helpline,2026-07-15T21:00:00,Indrapuri sector C me kal se paani nahi aa raha hai. Bahut dikkat ho rahi hai.,Hinglish,Water Supply,Water outage,Indrapuri,62,High,INC-0448,Pending,
CMP-0170,Municipal Helpline,2026-07-15T23:00:00,"बैरागढ़ क्षेत्र में बिजली गुल है, ग्रिड या ट्रांसफार्मर में खराबी की आशंका है।",Hindi,Electricity,Power outage,Bairagarh,3,High,INC-0040,Resolved,2026-07-19T18:00:00
CMP-0197,CM Helpline,2026-07-16T01:00:00,Jahangirabad में सीवरेज लाइन जाम होने से गंदा पानी घरों के आगे भर गया है।,Hindi,Drainage,Overflowing sewage,Jahangirabad,41,High,INC-0048,Resolved,2026-07-19T21:00:00
CMP-0472,Mobile App,2026-07-16T01:00:00,"पिपलानी main road pe bahut bade potholes ho gaye hain, do-wheelers roz phisal rahe hain.",Hinglish,Roads,Pothole,Piplani,60,Medium,INC-0317,Pending,
CMP-0652,Municipal Helpline,2026-07-16T01:00:00,Storm drain choked with plastic and silt in साकेत नगर. Dirty water overflowing onto road.,English,Drainage,Drain blockage,Saket Nagar,53,High,INC-0497,Resolved,2026-07-18T09:00:00
CMP-0667,Municipal Helpline,2026-07-16T01:00:00,Bhai Bawadiya Kalan side tap water completely band hai 2 din se. Please urgent help karo.,Hinglish,Water Supply,Water outage,Bawadiya Kalan,51,High,INC-0512,Resolved,2026-07-16T16:00:00
CMP-0225,Municipal Helpline,2026-07-16T02:00:00,अवधपुरी main road par fallen tree branch ki wajah se heavy jam laga hai.,Hinglish,Roads,Road obstruction,Awadhpuri,64,High,INC-0070,Resolved,2026-07-17T15:00:00
CMP-0373,Mobile App,2026-07-16T03:00:00,"बागसेवनिया side loose electrical wire zameen ke paas aa gaya hai, please fix it.",Hinglish,Electricity,Loose overhead wires,Bagsewaniya,54,Critical,INC-0218,Resolved,2026-07-17T00:00:00
CMP-0407,Mobile App,2026-07-16T14:00:00,नेहरू नगर में पिछले 2 दिन से अघोषित बिजली कटौती है। भीषण गर्मी में लोग परेशान हैं।,Hindi,Electricity,Power outage,Nehru Nagar,26,High,INC-0252,In Progress,
CMP-0712,Municipal Helpline,2026-07-16T15:00:00,चूना भट्टी क्षेत्र में मुख्य नाला जाम होने से रिहायशी घरों के सामने जलभराव हो गया है।,Hindi,Drainage,Drain blockage,Chuna Bhatti,82,High,INC-0557,Resolved,2026-07-18T17:00:00
CMP-0566,CM Helpline,2026-07-16T16:00:00,"Kamla Nagar square ke paas deep pothole hai, night me visible nahi hota, accident prone hai.",Hinglish,Roads,Pothole,Kamla Nagar,29,Medium,INC-0411,Pending,
CMP-0478,CM Helpline,2026-07-16T18:00:00,"Chunabhatti park ke paas trash pile up ho gaya hai, please Nagar Nigam vehicle bhejo.",Hinglish,Sanitation,Garbage accumulation,Chuna Bhatti,82,Medium,INC-0323,Pending,
CMP-0198,Municipal Helpline,2026-07-16T22:00:00,"Jahangirabad residential lane me sewage overflow ho raha hai, filthy smell aur health hazard hai.",Hinglish,Drainage,Overflowing sewage,Jahangirabad,41,High,INC-0048,Resolved,2026-07-18T09:00:00
CMP-0168,Social Media,2026-07-17T03:00:00,Complete blackout in Sant Hirdaram Nagar sector. No electricity since evening.,English,Electricity,Power outage,Bairagarh,3,High,INC-0040,Resolved,2026-07-17T08:00:00
CMP-0717,CM Helpline,2026-07-17T05:00:00,"Municipal public toilet in Bhadbhada road is choked, without water, and filthy. Unusable.",English,Public Health,Public toilet sanitation,Bhadbhada,27,Medium,INC-0562,Resolved,2026-07-21T23:00:00
CMP-0306,CM Helpline,2026-07-17T15:00:00,"Bawadiya kalan bridge me sewer line choked hai, black water sadak par fail gaya hai.",Hinglish,Drainage,Overflowing sewage,Bawadiya Kalan,51,High,INC-0151,Pending,
CMP-0414,Municipal Helpline,2026-07-17T15:00:00,"Bhai Lalghati road ki halat kharab hai, gaddhe hi gaddhe hain, repair karwao please.",Hinglish,Roads,Pothole,Lalghati,6,Medium,INC-0259,In Progress,
CMP-0637,CM Helpline,2026-07-18T04:00:00,Storm drain choked with plastic and silt in Bittan Market. Dirty water overflowing onto road.,English,Drainage,Drain blockage,Bittan Market,46,High,INC-0482,Pending,
CMP-0461,Elected Representative,2026-07-18T15:00:00,"Idgah Hills क्षेत्र में कई बच्चों को कुत्तों ने काटा है, तुरंत डॉग स्क्वाड भेजा जाए।",Hindi,Public Health,Stray dog menace,Idgah Hills,9,Medium,INC-0306,Pending,
CMP-0628,CM Helpline,2026-07-18T18:00:00,Blinking sodium streetlight in Lalghati causing disturbance and eye strain.,English,Street Lighting,Flickering streetlight,Lalghati,6,Low,INC-0473,Resolved,2026-07-20T15:00:00
CMP-0644,Municipal Helpline,2026-07-18T23:00:00,Nullah blocked near Kotra Sultanabad causing artificial waterlogging during light rains.,English,Drainage,Drain blockage,Kotra Sultanabad,28,High,INC-0489,Pending,
CMP-0479,Elected Representative,2026-07-19T00:00:00,अरेरा कॉलोनी side vacant land par building malwa dump kiya ja raha hai.,Hinglish,Sanitation,Open dumping,Arera Colony,48,Medium,INC-0324,Resolved,2026-07-21T05:00:00
CMP-0294,Mobile App,2026-07-19T02:00:00,Sewage chamber overflowing on Sonagiri sector A residential street. Filthy black water spreading.,English,Drainage,Overflowing sewage,Sonagiri,61,High,INC-0139,Resolved,2026-07-19T18:00:00
CMP-0366,Municipal Helpline,2026-07-19T02:00:00,"पानी की भारी किल्लत आनंद नगर में। बोरिंग और नल दोनों बंद हैं, बच्चे परेशान हो रहे हैं।",Hindi,Water Supply,Water outage,Anand Nagar,63,High,INC-0211,Resolved,2026-07-23T16:00:00
CMP-0568,Municipal Helpline,2026-07-19T04:00:00,"Bhadbhada road me streetlights band hain ek hafte se, raat ko poora dark ho jata hai, safety risk hai.",Hinglish,Street Lighting,Streetlight not working,Bhadbhada,27,Low,INC-0413,Pending,
CMP-0635,Mobile App,2026-07-19T04:00:00,Garbage dumped on Panchsheel Nagar roadside for 4 days. Stray cattle and dogs scattering waste.,English,Sanitation,Garbage accumulation,Panchsheel Nagar,30,Medium,INC-0480,Pending,
CMP-0335,Mobile App,2026-07-19T05:00:00,Storm drain choked with plastic and silt in नेहरू नगर. Dirty water overflowing onto road.,English,Drainage,Drain blockage,Nehru Nagar,26,High,INC-0180,In Progress,
CMP-0264,Mobile App,2026-07-19T15:00:00,No municipal tap water in जहांगीराबाद since 4 days. Kindly restore the supply immediately.,English,Water Supply,Water outage,Jahangirabad,41,High,INC-0109,Pending,
CMP-0453,Social Media,2026-07-19T21:00:00,"Shahpura क्षेत्र में सड़क धंस गई है, भारी वाहनों के चलने से खतरा बढ़ गया है।",Hindi,Roads,Road damage,Shahpura,50,Medium,INC-0298,Pending,
CMP-0627,Mobile App,2026-07-19T21:00:00,Shyamla Hills me 3 din se paani nahi aa raha hai. Bahut dikkat ho rahi hai.,Hinglish,Water Supply,Water outage,Shyamla Hills,24,High,INC-0472,Resolved,2026-07-21T03:00:00
CMP-0706,CM Helpline,2026-07-19T21:00:00,TT Nagar की पूरी सड़क पर पिछले एक हफ्ते से स्ट्रीट लाइट बंद है। रात में अंधेरा रहता है।,Hindi,Street Lighting,Streetlight not working,TT Nagar,33,Low,INC-0551,Resolved,2026-07-21T01:00:00
CMP-0655,Social Media,2026-07-19T23:00:00,Drainage backflow in Karond mandi. Unsanitary sewage entering house front yards.,English,Drainage,Overflowing sewage,Karond,15,High,INC-0500,Pending,
CMP-0348,Mobile App,2026-07-20T01:00:00,"Anand Nagar toilet complex me choke ho gaya hai, bahut badboo aa rahi hai.",Hinglish,Public Health,Public toilet sanitation,Anand Nagar,63,Medium,INC-0193,Resolved,2026-07-21T21:00:00
CMP-0508,CM Helpline,2026-07-20T01:00:00,Multiple dog bite incidents in Jahangirabad this week. Urgent municipal dog catching required.,English,Public Health,Stray dog menace,Jahangirabad,41,Medium,INC-0353,Pending,
CMP-0275,CM Helpline,2026-07-20T02:00:00,Very low water pressure in E-3 Arera for the past 5 days. Upper floors cannot fill tanks.,English,Water Supply,Low water pressure,Arera Colony,48,Medium,INC-0120,Pending,
CMP-0552,CM Helpline,2026-07-20T02:00:00,"Nehru Nagar side ganda paani bhara hua hai ground me, drainage se pump out karo.",Hinglish,Public Health,Stagnant water near habitation,Nehru Nagar,26,Medium,INC-0397,Resolved,2026-07-24T19:00:00
CMP-0255,Municipal Helpline,2026-07-20T04:00:00,"Shyamla Hills में बिजली के तार काफी नीचे लटक रहे हैं, वाहनों से टकराने का अंदेशा है।",Hindi,Electricity,Loose overhead wires,Shyamla Hills,24,Critical,INC-0100,In Progress,
CMP-0474,Elected Representative,2026-07-20T05:00:00,"Kotra Sultanabad area me contaminated water supply ho rahi hai, bimar hone ka darr hai.",Hinglish,Water Supply,Contaminated water,Kotra Sultanabad,28,Critical,INC-0319,In Progress,
CMP-0700,Elected Representative,2026-07-20T14:00:00,"Chuna bhatti square me sewer line choked hai, black water sadak par fail gaya hai.",Hinglish,Drainage,Overflowing sewage,Chuna Bhatti,82,High,INC-0545,Pending,
CMP-0318,Municipal Helpline,2026-07-20T16:00:00,Dengue and malaria cases rising in कोहेफिजा due to rampant mosquito breeding.,English,Public Health,Mosquito breeding / fogging request,Koh-e-Fiza,8,Medium,INC-0163,Pending,
CMP-0587,Elected Representative,2026-07-21T01:00:00,Open trash piled up near Karond Chouraha community park. Health hazard for children and elders.,English,Sanitation,Garbage accumulation,Karond,15,Medium,INC-0432,Pending,
CMP-0748,Elected Representative,2026-07-21T15:00:00,New Market में सार्वजनिक शौचालय में गंदगी का अंबार है और पानी की कोई व्यवस्था नहीं है।,Hindi,Public Health,Public toilet sanitation,New Market,32,Medium,INC-0593,In Progress,
CMP-0491,Elected Representative,2026-07-21T17:00:00,Blinking sodium streetlight in Bairagarh causing disturbance and eye strain.,English,Street Lighting,Flickering streetlight,Bairagarh,3,Low,INC-0336,Resolved,2026-07-25T22:00:00
CMP-0440,Mobile App,2026-07-21T23:00:00,Open trash piled up near Hoshangabad Road community park. Health hazard for children and elders.,English,Sanitation,Garbage accumulation,Hoshangabad Road,52,Medium,INC-0285,Pending,
CMP-0286,Social Media,2026-07-22T00:00:00,Complete blackout in Karond bypass sector. No electricity since evening.,English,Electricity,Power outage,Karond,15,High,INC-0131,Pending,
CMP-0339,CM Helpline,2026-07-22T00:00:00,"Awadhpuri main road pe bahut bade potholes ho gaye hain, do-wheelers roz phisal rahe hain.",Hinglish,Roads,Pothole,Awadhpuri,64,Medium,INC-0184,Resolved,2026-07-26T06:00:00
CMP-0471,Mobile App,2026-07-22T02:00:00,Panchsheel Nagar में सार्वजनिक शौचालय में गंदगी का अंबार है और पानी की कोई व्यवस्था नहीं है।,Hindi,Public Health,Public toilet sanitation,Panchsheel Nagar,30,Medium,INC-0316,In Progress,
CMP-0342,CM Helpline,2026-07-22T06:00:00,Bhai Kolar road chunabhatti side tap water completely band hai ek hafte se. Please urgent help karo.,Hinglish,Water Supply,Water outage,Chuna Bhatti,82,High,INC-0187,Resolved,2026-07-24T18:00:00
CMP-0582,Mobile App,2026-07-22T16:00:00,Drainage backflow in Airport road Gandhi nagar. Unsanitary sewage entering house front yards.,English,Drainage,Overflowing sewage,Gandhi Nagar,1,High,INC-0427,In Progress,
CMP-0610,Elected Representative,2026-07-22T16:00:00,"भदभदा में खंभे का बल्ब लगातार ब्लिंक कर रहा है, कृपया बल्ब बदलें।",Hindi,Street Lighting,Flickering streetlight,Bhadbhada,27,Low,INC-0455,Pending,
CMP-0722,Elected Representative,2026-07-22T22:00:00,सुभाष नगर में सीवरेज लाइन जाम होने से गंदा पानी घरों के आगे भर गया है।,Hindi,Drainage,Overflowing sewage,Subhash Nagar,39,High,INC-0567,Resolved,2026-07-25T02:00:00
CMP-0208,Elected Representative,2026-07-23T04:00:00,"Saket Nagar चौराहे पर 4 दिन से कचरे का ढेर लगा है, आवारा मवेशी गंदगी फैला रहे हैं।",Hindi,Sanitation,Garbage accumulation,Saket Nagar,53,Medium,INC-0053,Pending,
CMP-0274,CM Helpline,2026-07-23T04:00:00,Bairagarh में नलों से बदबूदार और गंदा पीला पानी आ रहा है। यह पीने लायक बिल्कुल नहीं है।,Hindi,Water Supply,Contaminated water,Bairagarh,3,Critical,INC-0119,In Progress,
CMP-0405,Municipal Helpline,2026-07-23T04:00:00,Carcass of dead cattle on the road in TT Nagar. Please dispatch sanitation squad immediately.,English,Sanitation,Dead animal removal,TT Nagar,33,High,INC-0250,Resolved,2026-07-28T00:00:00
CMP-0267,CM Helpline,2026-07-23T15:00:00,Ayodhya Bypass क्षेत्र में मुख्य नाला जाम होने से रिहायशी घरों के सामने जलभराव हो गया है।,Hindi,Drainage,Drain blockage,Ayodhya Bypass,65,High,INC-0112,Pending,
CMP-0565,Mobile App,2026-07-23T15:00:00,Kamla Nagar में सीवरेज लाइन जाम होने से गंदा पानी घरों के आगे भर गया है।,Hindi,Drainage,Overflowing sewage,Kamla Nagar,29,High,INC-0410,Pending,
CMP-0550,CM Helpline,2026-07-24T00:00:00,"Overhead electricity cables sagging very low in Anand Nagar, almost touching passing trucks.",English,Electricity,Loose overhead wires,Anand Nagar,63,Critical,INC-0395,Resolved,2026-07-25T11:00:00
CMP-0643,Municipal Helpline,2026-07-24T00:00:00,"रातीबड़ क्षेत्र में पीने के पानी में सीवेज का पानी मिल रहा है, लोग बीमार पड़ रहे हैं।",Hindi,Water Supply,Contaminated water,Ratibad,84,Critical,INC-0488,In Progress,
CMP-0702,Social Media,2026-07-24T00:00:00,"Bhadbhada में बिजली के तार काफी नीचे लटक रहे हैं, वाहनों से टकराने का अंदेशा है।",Hindi,Electricity,Loose overhead wires,Bhadbhada,27,Critical,INC-0547,In Progress,
CMP-0694,Municipal Helpline,2026-07-24T01:00:00,"Shahpura Lake area me road completely break ho chuki hai, sirf dust aur stones bache hain.",Hinglish,Roads,Road damage,Shahpura,50,Medium,INC-0539,In Progress,
CMP-0068,Municipal Helpline,2026-07-24T08:53:00,"Shyamla Hills रोड पर गड्ढों के कारण भयंकर ट्रैफिक जाम लग रहा है, तुरंत मरम्मत कराएं।",Hindi,Roads,Pothole,Shyamla Hills,24,Medium,INC-0010,Resolved,2026-07-29T00:53:00
CMP-0223,Mobile App,2026-07-24T14:00:00,"Ayodhya Bypass me sewer line choked hai, black water sadak par fail gaya hai.",Hinglish,Drainage,Overflowing sewage,Ayodhya Bypass,65,High,INC-0068,Resolved,2026-07-27T06:00:00
CMP-0745,Social Media,2026-07-24T14:00:00,"जहांगीराबाद चौराहे पर 2 दिन से कचरे का ढेर लगा है, आवारा मवेशी गंदगी फैला रहे हैं।",Hindi,Sanitation,Garbage accumulation,Jahangirabad,41,Medium,INC-0590,Resolved,2026-07-26T03:00:00
CMP-0632,Municipal Helpline,2026-07-24T15:00:00,"सोनागिरी me streetlight pole par open naked wires latak rahe hain, electrocution ka khatra hai.",Hinglish,Street Lighting,Exposed wiring on pole,Sonagiri,61,Critical,INC-0477,Resolved,2026-07-29T01:00:00
CMP-0132,Municipal Helpline,2026-07-24T20:00:00,करोंद क्षेत्र में मुख्य नाला जाम होने से रिहायशी घरों के सामने जलभराव हो गया है।,Hindi,Drainage,Drain blockage,Karond,15,High,INC-0028,Resolved,2026-07-25T15:00:00
CMP-0070,Mobile App,2026-07-24T21:34:00,"Bhai Shyamla Hills road ki halat kharab hai, gaddhe hi gaddhe hain, repair karwao please.",Hinglish,Roads,Pothole,Shyamla Hills,24,Medium,INC-0010,Resolved,2026-07-27T14:34:00
CMP-0684,Municipal Helpline,2026-07-24T22:00:00,Sonagiri में बड़ा पेड़ सड़क पर गिर गया है जिससे पूरा रास्ता बंद हो गया है।,Hindi,Roads,Road obstruction,Sonagiri,61,High,INC-0529,Resolved,2026-07-28T02:00:00
CMP-0071,CM Helpline,2026-07-24T22:31:00,Deep craters developed on Shyamla Hills road after rain. Major hazard for night commuters.,English,Roads,Pothole,Shyamla Hills,24,Medium,INC-0010,Resolved,2026-07-27T04:31:00
CMP-0729,Mobile App,2026-07-24T23:00:00,Open trash piled up near पंचशील नगर community park. Health hazard for children and elders.,English,Sanitation,Garbage accumulation,Panchsheel Nagar,30,Medium,INC-0574,Resolved,2026-07-29T23:00:00
CMP-0072,CM Helpline,2026-07-25T00:58:00,"Bhai Shyamla Hills road ki halat kharab hai, gaddhe hi gaddhe hain, repair karwao please.",Hinglish,Roads,Pothole,Shyamla Hills,24,Medium,INC-0010,Resolved,2026-07-28T06:58:00
CMP-0749,Social Media,2026-07-25T02:00:00,"Ratibad area me contaminated water supply ho rahi hai, bimar hone ka darr hai.",Hinglish,Water Supply,Contaminated water,Ratibad,84,Critical,INC-0594,In Progress,
CMP-0069,Municipal Helpline,2026-07-25T07:24:00,"श्यामला हिल्स square ke paas deep pothole hai, night me visible nahi hota, accident prone hai.",Hinglish,Roads,Pothole,Shyamla Hills,24,Medium,INC-0010,Resolved,2026-07-30T04:24:00
CMP-0133,Municipal Helpline,2026-07-25T12:00:00,Nullah blocked near Karond square causing artificial waterlogging during light rains.,English,Drainage,Drain blockage,Karond,15,High,INC-0028,Resolved,2026-07-28T12:00:00
CMP-0302,Municipal Helpline,2026-07-25T19:00:00,Karond की पूरी सड़क पर पिछले एक हफ्ते से स्ट्रीट लाइट बंद है। रात में अंधेरा रहता है।,Hindi,Street Lighting,Streetlight not working,Karond,15,Low,INC-0147,Resolved,2026-07-27T10:00:00
CMP-0445,CM Helpline,2026-07-25T19:00:00,"Saket Nagar residential lane me sewage overflow ho raha hai, filthy smell aur health hazard hai.",Hinglish,Drainage,Overflowing sewage,Saket Nagar,53,High,INC-0290,Resolved,2026-07-28T05:00:00
CMP-0672,Social Media,2026-07-25T20:00:00,Massive pothole near Shyamla intersection causing traffic congestion and accidents.,English,Roads,Pothole,Shyamla Hills,24,Medium,INC-0517,In Progress,
CMP-0539,Municipal Helpline,2026-07-25T23:00:00,Chuna Bhatti मुख्य मार्ग पर जानलेवा गड्ढे हो गए हैं। कई बाइक सवार गिरकर चोटिल हो चुके हैं।,Hindi,Roads,Pothole,Chuna Bhatti,82,Medium,INC-0384,Pending,
CMP-0325,Municipal Helpline,2026-07-26T02:00:00,"Bhai Neelbad chouraha road ki halat kharab hai, gaddhe hi gaddhe hain, repair karwao please.",Hinglish,Roads,Pothole,Neelbad,83,Medium,INC-0170,Resolved,2026-07-26T15:00:00
CMP-0261,Municipal Helpline,2026-07-26T05:00:00,"TT Nagar में स्ट्रीट लाइट पोल का जंक्शन बॉक्स खुला पड़ा है, बच्चे छू सकते हैं।",Hindi,Street Lighting,Exposed wiring on pole,TT Nagar,33,Critical,INC-0106,Resolved,2026-07-30T01:00:00
CMP-0327,Mobile App,2026-07-26T17:00:00,Deep craters developed on Chuna Bhatti road after rain. Major hazard for night commuters.,English,Roads,Pothole,Chuna Bhatti,82,Medium,INC-0172,Resolved,2026-07-30T18:00:00
CMP-0363,Municipal Helpline,2026-07-26T19:00:00,न्यू मार्केट में स्ट्रीट लाइट लगातार झिलमिला रही है और तेज आवाज कर रही है।,Hindi,Street Lighting,Flickering streetlight,New Market,32,Low,INC-0208,Resolved,2026-07-28T10:00:00
CMP-0709,CM Helpline,2026-07-26T20:00:00,"भदभदा रोड पर गड्ढों के कारण भयंकर ट्रैफिक जाम लग रहा है, तुरंत मरम्मत कराएं।",Hindi,Roads,Pothole,Bhadbhada,27,Medium,INC-0554,In Progress,
CMP-0393,Elected Representative,2026-07-27T03:00:00,Underground supply line leakage near Bairagarh main road market creating artificial puddle on road.,English,Water Supply,Water leakage,Bairagarh,3,Medium,INC-0238,Resolved,2026-07-29T05:00:00
CMP-0725,Municipal Helpline,2026-07-27T03:00:00,"Saket Nagar रोड पर खुला मैनहोल खुला पड़ा है, तत्काल नया ढक्कन लगवाया जाए।",Hindi,Drainage,Damaged manhole cover,Saket Nagar,53,Critical,INC-0570,Resolved,2026-07-30T21:00:00
CMP-0083,Elected Representative,2026-07-27T07:53:00,Carcass of dead cattle on the road in Govindpura. Please dispatch sanitation squad immediately.,English,Sanitation,Dead animal removal,Govindpura,58,High,INC-0013,In Progress,
CMP-0085,CM Helpline,2026-07-27T14:51:00,"Govindpura मुख्य मार्ग पर मृत पशु पड़ा हुआ है, संक्रमण फैलने की आशंका है।",Hindi,Sanitation,Dead animal removal,Govindpura,58,High,INC-0013,In Progress,
CMP-0530,Elected Representative,2026-07-27T18:00:00,गुलमोहर में नाली कचरे और प्लास्टिक से चोक हो गई है। गंदा पानी सड़क पर बह रहा है।,Hindi,Drainage,Drain blockage,Gulmohar,49,High,INC-0375,Resolved,2026-07-31T21:00:00
CMP-0503,Municipal Helpline,2026-07-27T21:00:00,"Barkheda me kachra gaadi 3 din se nahi aayi hai, gharo me kachra jama hai.",Hinglish,Sanitation,Irregular garbage collection,Barkheda,59,Low,INC-0348,Pending,
CMP-0737,Mobile App,2026-07-27T21:00:00,"Jahangirabad में सफाई कर्मचारी कचरा नहीं उठा रहे हैं, चारों तरफ कूड़ा बिखरा पड़ा है।",Hindi,Sanitation,Garbage accumulation,Jahangirabad,41,Medium,INC-0582,In Progress,
CMP-0235,Municipal Helpline,2026-07-28T00:00:00,Sewage chamber overflowing on Ashoka garden thana residential street. Filthy black water spreading.,English,Drainage,Overflowing sewage,Ashoka Garden,38,High,INC-0080,Resolved,2026-08-01T15:00:00
CMP-0282,CM Helpline,2026-07-28T01:00:00,"कोलार रोड me peene ka paani bilkul nahi aa raha kal se, please tanker send kijiye.",Hinglish,Water Supply,Water outage,Kolar,80,High,INC-0127,Pending,
CMP-0082,Municipal Helpline,2026-07-28T02:49:00,Carcass of dead cattle on the road in Govindpura. Please dispatch sanitation squad immediately.,English,Sanitation,Dead animal removal,Govindpura,58,High,INC-0013,In Progress,
CMP-0360,Municipal Helpline,2026-07-28T03:00:00,Loose power cable snapped and dangling dangerously near कोलार market.,English,Electricity,Loose overhead wires,Kolar,80,Critical,INC-0205,In Progress,
CMP-0084,Mobile App,2026-07-28T04:39:00,"गोविंदपुरा ke paas dead dog lying on road, please municipal sanitary team ko alert karo.",Hinglish,Sanitation,Dead animal removal,Govindpura,58,High,INC-0013,In Progress,
CMP-0062,Municipal Helpline,2026-07-28T06:49:00,"Gandhi Nagar me drain blocked hai plastic ki wajah se, dirty water road pe overflow kar raha hai.",Hinglish,Drainage,Drain blockage,Gandhi Nagar,1,High,INC-0008,Resolved,2026-07-31T03:49:00
CMP-0614,CM Helpline,2026-07-28T14:00:00,भदभदा में एक महीने से पानी का प्रेशर बहुत धीमा है। टंकी भरने में घंटों लग रहे हैं।,Hindi,Water Supply,Low water pressure,Bhadbhada,27,Medium,INC-0459,Resolved,2026-08-01T04:00:00
CMP-0061,Municipal Helpline,2026-07-29T00:31:00,"Gandhi Nagar me drain blocked hai plastic ki wajah se, dirty water road pe overflow kar raha hai.",Hinglish,Drainage,Drain blockage,Gandhi Nagar,1,High,INC-0008,Resolved,2026-08-02T21:31:00
CMP-0640,Social Media,2026-07-29T01:00:00,"आनंद नगर road pe main pipeline burst ho gayi hai, paani sadak pe beh raha hai.",Hinglish,Water Supply,Water leakage,Anand Nagar,63,Medium,INC-0485,In Progress,
CMP-0280,Mobile App,2026-07-29T05:00:00,"Bawadiya railway crossing me peene ka paani bilkul nahi aa raha 2 din se, please tanker send kijiye.",Hinglish,Water Supply,Water outage,Bawadiya Kalan,51,High,INC-0125,Resolved,2026-08-02T10:00:00
CMP-0434,Social Media,2026-07-29T05:00:00,"Neelbad chouraha me overhead power cables dangerous height par latak rahe hain, truck se takra sakte hain.",Hinglish,Electricity,Loose overhead wires,Neelbad,83,Critical,INC-0279,Resolved,2026-07-30T05:00:00
CMP-0060,Social Media,2026-07-29T06:39:00,Storm drain choked with plastic and silt in Airport road Gandhi nagar. Dirty water overflowing onto road.,English,Drainage,Drain blockage,Gandhi Nagar,1,High,INC-0008,Resolved,2026-07-30T09:39:00
CMP-0058,Mobile App,2026-07-29T23:10:00,Gandhi Nagar क्षेत्र में मुख्य नाला जाम होने से रिहायशी घरों के सामने जलभराव हो गया है।,Hindi,Drainage,Drain blockage,Gandhi Nagar,1,High,INC-0008,Resolved,2026-08-02T09:10:00
CMP-0481,CM Helpline,2026-07-30T00:00:00,"अशोका गार्डन me power cut chal raha hai 3 din se, fan light sab band hai, please light chalu karo.",Hinglish,Electricity,Power outage,Ashoka Garden,38,High,INC-0326,Pending,
CMP-0059,Mobile App,2026-07-30T00:15:00,Storm drain choked with plastic and silt in Gandhi Nagar. Dirty water overflowing onto road.,English,Drainage,Drain blockage,Gandhi Nagar,1,High,INC-0008,Resolved,2026-07-30T06:15:00
CMP-0708,Mobile App,2026-07-30T05:00:00,Ratibad क्षेत्र में नल में पानी नहीं आ रहा है एक महीने से। कृपया तुरंत जल प्रदाय शुरू कराएं।,Hindi,Water Supply,Water outage,Ratibad,84,High,INC-0553,Resolved,2026-08-03T12:00:00
CMP-0589,Social Media,2026-07-30T06:00:00,"ईदगाह हिल्स क्षेत्र में डेंगू का खतरा बढ़ रहा है, कीटनाशक छिड़काव कराया जाए।",Hindi,Public Health,Mosquito breeding / fogging request,Idgah Hills,9,Medium,INC-0434,Resolved,2026-08-02T14:00:00
CMP-0345,Mobile App,2026-07-30T15:00:00,Tractor trolleys dumping building waste openly near कमला नगर residential area.,English,Sanitation,Open dumping,Kamla Nagar,29,Medium,INC-0190,Resolved,2026-08-02T00:00:00
CMP-0343,CM Helpline,2026-07-30T17:00:00,Sewage chamber overflowing on पिपलानी residential street. Filthy black water spreading.,English,Drainage,Overflowing sewage,Piplani,60,High,INC-0188,Pending,
CMP-0488,Elected Representative,2026-07-30T18:00:00,"Barkheda क्षेत्र में कई बच्चों को कुत्तों ने काटा है, तुरंत डॉग स्क्वाड भेजा जाए।",Hindi,Public Health,Stray dog menace,Barkheda,59,Medium,INC-0333,In Progress,
CMP-0728,Mobile App,2026-07-30T22:00:00,ईदगाह हिल्स में 3 दिन से पानी की सप्लाई पूरी तरह बंद है। पीने के पानी के लिए भारी परेशानी हो रही है।,Hindi,Water Supply,Water outage,Idgah Hills,9,High,INC-0573,Resolved,2026-08-04T05:00:00
CMP-0496,Mobile App,2026-07-31T14:00:00,"करोंद मुख्य मार्ग पर मृत पशु पड़ा हुआ है, संक्रमण फैलने की आशंका है।",Hindi,Sanitation,Dead animal removal,Karond,15,High,INC-0341,Pending,
CMP-0734,CM Helpline,2026-07-31T14:00:00,"Gandhi nagar airport road gali me dogs ne 2 logo ko bite kiya hai, please dog catching vehicle bhejiye.",Hinglish,Public Health,Stray dog menace,Gandhi Nagar,1,Medium,INC-0579,In Progress,
CMP-0527,Municipal Helpline,2026-07-31T15:00:00,Light pole fixture not functional in Karond. Area completely pitch dark at night.,English,Street Lighting,Streetlight not working,Karond,15,Low,INC-0372,Pending,
CMP-0502,Social Media,2026-07-31T19:00:00,Deep craters developed on Panchsheel Nagar road after rain. Major hazard for night commuters.,English,Roads,Pothole,Panchsheel Nagar,30,Medium,INC-0347,Resolved,2026-08-05T00:00:00
CMP-0593,Elected Representative,2026-08-01T00:00:00,"कोहेफिजा बाजार के पास हाई टेंशन तार झूल रहा है, तुरंत कसा जाए।",Hindi,Electricity,Loose overhead wires,Koh-e-Fiza,8,Critical,INC-0438,Resolved,2026-08-04T07:00:00
CMP-0669,Mobile App,2026-08-01T01:00:00,"Neelbad road me low voltage issue hai 1 week se, tubelight blink ho rahi hai aur motor start nahi hoti.",Hinglish,Electricity,Low voltage,Neelbad,83,Medium,INC-0514,Pending,
CMP-0347,Municipal Helpline,2026-08-01T15:00:00,"Bharat Bhavan area square ke paas deep pothole hai, night me visible nahi hota, accident prone hai.",Hinglish,Roads,Pothole,Shyamla Hills,24,Medium,INC-0192,Resolved,2026-08-05T02:00:00
CMP-0384,CM Helpline,2026-08-01T16:00:00,"Misrod side road sink ho gayi hai, gaadi chalana dangerous ho gaya hai.",Hinglish,Roads,Road damage,Misrod,85,Medium,INC-0229,Resolved,2026-08-05T06:00:00
CMP-0523,Social Media,2026-08-01T19:00:00,"Bhai Shahpura road ki halat kharab hai, gaddhe hi gaddhe hain, repair karwao please.",Hinglish,Roads,Pothole,Shahpura,50,Medium,INC-0368,Resolved,2026-08-05T02:00:00
CMP-0455,Mobile App,2026-08-02T05:00:00,"Bhai Kamla Nagar road ki halat kharab hai, gaddhe hi gaddhe hain, repair karwao please.",Hinglish,Roads,Pothole,Kamla Nagar,29,Medium,INC-0300,Resolved,2026-08-03T15:00:00
CMP-0375,Municipal Helpline,2026-08-02T17:00:00,Carcass of dead cattle on the road in Misrod. Please dispatch sanitation squad immediately.,English,Sanitation,Dead animal removal,Misrod,85,High,INC-0220,Pending,
CMP-0685,Municipal Helpline,2026-08-02T17:00:00,Light pole fixture not functional in सोनागिरी. Area completely pitch dark at night.,English,Street Lighting,Streetlight not working,Sonagiri,61,Low,INC-0530,Pending,
CMP-0238,Mobile App,2026-08-03T00:00:00,"Bhai Ayodhya bypass road road ki halat kharab hai, gaddhe hi gaddhe hain, repair karwao please.",Hinglish,Roads,Pothole,Ayodhya Bypass,65,Medium,INC-0083,Resolved,2026-08-06T17:00:00
CMP-0546,Municipal Helpline,2026-08-03T00:00:00,"Gandhi Nagar me bahut sara kachra jama ho gaya hai ek hafte se, bohot gandi smell aa rahi hai.",Hinglish,Sanitation,Garbage accumulation,Gandhi Nagar,1,Medium,INC-0391,In Progress,
CMP-0031,Municipal Helpline,2026-08-03T00:10:00,"श्यामला हिल्स चौराहे के पास सड़क में बड़े-बड़े गड्ढे हैं, रात में दुर्घटना का भारी खतरा है।",Hindi,Roads,Pothole,Shyamla Hills,24,Medium,INC-0004,Resolved,2026-08-05T09:10:00
CMP-0038,Municipal Helpline,2026-08-03T01:00:00,"Bhai Shyamla Hills road ki halat kharab hai, gaddhe hi gaddhe hain, repair karwao please.",Hinglish,Roads,Pothole,Shyamla Hills,24,Medium,INC-0004,Resolved,2026-08-06T00:00:00
CMP-0528,Mobile App,2026-08-03T02:00:00,"कोहेफिजा में बिजली के तार काफी नीचे लटक रहे हैं, वाहनों से टकराने का अंदेशा है।",Hindi,Electricity,Loose overhead wires,Koh-e-Fiza,8,Critical,INC-0373,Pending,
CMP-0304,CM Helpline,2026-08-03T03:00:00,Bhadbhada के पास मुख्य पाइपलाइन फूट गई है और हजारों लीटर साफ पानी सड़क पर बह रहा है।,Hindi,Water Supply,Water leakage,Bhadbhada,27,Medium,INC-0149,Pending,
CMP-0588,CM Helpline,2026-08-03T03:00:00,"Govindpura side trickle flow aa raha hai municipal line se, please check karo.",Hinglish,Water Supply,Low water pressure,Govindpura,58,Medium,INC-0433,Pending,
CMP-0037,Municipal Helpline,2026-08-03T12:16:00,"Bhai Shyamla Hills road ki halat kharab hai, gaddhe hi gaddhe hain, repair karwao please.",Hinglish,Roads,Pothole,Shyamla Hills,24,Medium,INC-0004,Resolved,2026-08-05T07:16:00
CMP-0035,CM Helpline,2026-08-03T12:25:00,Massive pothole near Bharat Bhavan area intersection causing traffic congestion and accidents.,English,Roads,Pothole,Shyamla Hills,24,Medium,INC-0004,Resolved,2026-08-06T22:25:00
CMP-0418,Elected Representative,2026-08-03T14:00:00,Water trickle flow in Neelbad. Motor cannot lift water to domestic rooftop tanks.,English,Water Supply,Low water pressure,Neelbad,83,Medium,INC-0263,Pending,
CMP-0622,Municipal Helpline,2026-08-03T16:00:00,Severe mosquito menace in Subhash Nagar. Urgent need for anti-larval fogging spray.,English,Public Health,Mosquito breeding / fogging request,Subhash Nagar,39,Medium,INC-0467,In Progress,
CMP-0657,Municipal Helpline,2026-08-03T16:00:00,"Ashoka Garden square ke paas deep pothole hai, night me visible nahi hota, accident prone hai.",Hinglish,Roads,Pothole,Ashoka Garden,38,Medium,INC-0502,Pending,
CMP-0671,Municipal Helpline,2026-08-03T17:00:00,Drainage backflow in Arera Colony. Unsanitary sewage entering house front yards.,English,Drainage,Overflowing sewage,Arera Colony,48,High,INC-0516,Resolved,2026-08-06T04:00:00
CMP-0735,Municipal Helpline,2026-08-03T23:00:00,"Idgah side trickle flow aa raha hai municipal line se, please check karo.",Hinglish,Water Supply,Low water pressure,Idgah Hills,9,Medium,INC-0580,Resolved,2026-08-04T04:00:00
CMP-0227,Social Media,2026-08-04T06:00:00,"Municipal dustbin van जहांगीराबाद lane skip kar rahi hai regularly, please action lijiye.",Hinglish,Sanitation,Irregular garbage collection,Jahangirabad,41,Low,INC-0072,Resolved,2026-08-06T19:00:00
CMP-0034,CM Helpline,2026-08-04T06:10:00,"श्यामला हिल्स रोड पर गड्ढों के कारण भयंकर ट्रैफिक जाम लग रहा है, तुरंत मरम्मत कराएं।",Hindi,Roads,Pothole,Shyamla Hills,24,Medium,INC-0004,Resolved,2026-08-07T13:10:00
CMP-0033,Municipal Helpline,2026-08-04T10:47:00,"Bhai Shyamla road ki halat kharab hai, gaddhe hi gaddhe hain, repair karwao please.",Hinglish,Roads,Pothole,Shyamla Hills,24,Medium,INC-0004,Resolved,2026-08-07T02:47:00
CMP-0036,Mobile App,2026-08-04T15:37:00,Deep craters developed on Shyamla Hills road after rain. Major hazard for night commuters.,English,Roads,Pothole,Shyamla Hills,24,Medium,INC-0004,Resolved,2026-08-08T07:37:00
CMP-0595,CM Helpline,2026-08-04T16:00:00,Severe water shortage in भदभदा area. Not a single drop of water since yesterday.,English,Water Supply,Water outage,Bhadbhada,27,High,INC-0440,Pending,
CMP-0338,Mobile App,2026-08-04T18:00:00,बैरागढ़ में आवासीय बस्ती के पास गंदा पानी जमा है। बदबू और मच्छरों से लोग परेशान हैं।,Hindi,Public Health,Stagnant water near habitation,Bairagarh,3,Medium,INC-0183,Pending,
CMP-0032,Mobile App,2026-08-04T19:50:00,"Bhai Shyamla road ki halat kharab hai, gaddhe hi gaddhe hain, repair karwao please.",Hinglish,Roads,Pothole,Shyamla Hills,24,Medium,INC-0004,Resolved,2026-08-06T01:50:00
CMP-0537,Social Media,2026-08-04T22:00:00,"Chuna Bhatti me paani ka pressure bahut slow hai 4 din se, tanki nahi bhar pa rahi.",Hinglish,Water Supply,Low water pressure,Chuna Bhatti,82,Medium,INC-0382,In Progress,
CMP-0639,CM Helpline,2026-08-05T03:00:00,"Gulmohar Colony square ke paas deep pothole hai, night me visible nahi hota, accident prone hai.",Hinglish,Roads,Pothole,Gulmohar,49,Medium,INC-0484,Resolved,2026-08-09T00:00:00
CMP-0742,Municipal Helpline,2026-08-05T17:00:00,"Govindpura me sewer line choked hai, black water sadak par fail gaya hai.",Hinglish,Drainage,Overflowing sewage,Govindpura,58,High,INC-0587,In Progress,
CMP-0322,CM Helpline,2026-08-05T20:00:00,अयोध्या बायपास में बड़ा पेड़ सड़क पर गिर गया है जिससे पूरा रास्ता बंद हो गया है।,Hindi,Roads,Road obstruction,Ayodhya Bypass,65,High,INC-0167,Pending,
CMP-0231,CM Helpline,2026-08-06T02:00:00,Blinking sodium streetlight in Govindpura causing disturbance and eye strain.,English,Street Lighting,Flickering streetlight,Govindpura,58,Low,INC-0076,Pending,
CMP-0673,Municipal Helpline,2026-08-06T16:00:00,Indrapuri के पास मुख्य पाइपलाइन फूट गई है और हजारों लीटर साफ पानी सड़क पर बह रहा है।,Hindi,Water Supply,Water leakage,Indrapuri,62,Medium,INC-0518,Resolved,2026-08-07T03:00:00
CMP-0423,CM Helpline,2026-08-06T17:00:00,"Idgah residential lane me sewage overflow ho raha hai, filthy smell aur health hazard hai.",Hinglish,Drainage,Overflowing sewage,Idgah Hills,9,High,INC-0268,Resolved,2026-08-10T11:00:00
CMP-0220,CM Helpline,2026-08-06T18:00:00,"बिट्टन मार्केट me power cut chal raha hai ek hafte se, fan light sab band hai, please light chalu karo.",Hinglish,Electricity,Power outage,Bittan Market,46,High,INC-0065,Resolved,2026-08-07T07:00:00
CMP-0236,Municipal Helpline,2026-08-06T20:00:00,"Bittan market ground me broken manhole lid hai, accident hone se pehle cover fix karo please.",Hinglish,Drainage,Damaged manhole cover,Bittan Market,46,Critical,INC-0081,In Progress,
CMP-0385,Social Media,2026-08-06T21:00:00,Garbage collection van skipping Misrod lanes regularly. Waste piling up in households.,English,Sanitation,Irregular garbage collection,Misrod,85,Low,INC-0230,In Progress,
CMP-0452,Municipal Helpline,2026-08-06T22:00:00,Stagnant pool of green dirty water near अवधपुरी residential plots breeding pests.,English,Public Health,Stagnant water near habitation,Awadhpuri,64,Medium,INC-0297,Pending,
CMP-0747,Mobile App,2026-08-07T01:00:00,"श्यामला हिल्स me streetlights band hain 1 week se, raat ko poora dark ho jata hai, safety risk hai.",Hinglish,Street Lighting,Streetlight not working,Shyamla Hills,24,Low,INC-0592,Pending,
CMP-0383,Elected Representative,2026-08-07T02:00:00,Deep craters developed on Lalghati road after rain. Major hazard for night commuters.,English,Roads,Pothole,Lalghati,6,Medium,INC-0228,Pending,
CMP-0252,CM Helpline,2026-08-07T04:00:00,Drainage backflow in Malviya nagar new market. Unsanitary sewage entering house front yards.,English,Drainage,Overflowing sewage,New Market,32,High,INC-0097,Resolved,2026-08-07T14:00:00
CMP-0490,CM Helpline,2026-08-07T04:00:00,"Saket nagar AIIMS me stray dogs ka pack aggressive ho gaya hai, bike riders ke peeche daudte hain.",Hinglish,Public Health,Stray dog menace,Saket Nagar,53,Medium,INC-0335,Resolved,2026-08-08T15:00:00
CMP-0187,Municipal Helpline,2026-08-07T16:00:00,Severe mosquito menace in Ashoka Garden. Urgent need for anti-larval fogging spray.,English,Public Health,Mosquito breeding / fogging request,Ashoka Garden,38,Medium,INC-0045,Resolved,2026-08-11T02:00:00
CMP-0394,CM Helpline,2026-08-07T20:00:00,"अवधपुरी me streetlight pole par open naked wires latak rahe hain, electrocution ka khatra hai.",Hinglish,Street Lighting,Exposed wiring on pole,Awadhpuri,64,Critical,INC-0239,Resolved,2026-08-08T15:00:00
CMP-0695,CM Helpline,2026-08-07T22:00:00,"Bairasia Road me machhar bohot badh gaye hain, malaria dengue ka fear hai, please fogging karwa do.",Hinglish,Public Health,Mosquito breeding / fogging request,Bairasia Road,16,Medium,INC-0540,Resolved,2026-08-09T19:00:00
CMP-0536,Municipal Helpline,2026-08-07T23:00:00,Extremely low voltage in MP nagar market. Refrigerators and water pumps cannot start.,English,Electricity,Low voltage,MP Nagar,47,Medium,INC-0381,Resolved,2026-08-09T23:00:00
CMP-0147,CM Helpline,2026-08-08T01:00:00,"Hoshangabad Road main road pe bahut bade potholes ho gaye hain, do-wheelers roz phisal rahe hain.",Hinglish,Roads,Pothole,Hoshangabad Road,52,Medium,INC-0033,Resolved,2026-08-09T02:00:00
CMP-0146,Elected Representative,2026-08-08T02:00:00,Massive pothole near Hoshangabad highway intersection causing traffic congestion and accidents.,English,Roads,Pothole,Hoshangabad Road,52,Medium,INC-0033,Resolved,2026-08-11T17:00:00
CMP-0480,Municipal Helpline,2026-08-08T03:00:00,Massive pothole near Sonagiri square intersection causing traffic congestion and accidents.,English,Roads,Pothole,Sonagiri,61,Medium,INC-0325,Resolved,2026-08-09T04:00:00
CMP-0353,Elected Representative,2026-08-08T05:00:00,No municipal tap water in Subhash Nagar since 4 days. Kindly restore the supply immediately.,English,Water Supply,Water outage,Subhash Nagar,39,High,INC-0198,Resolved,2026-08-12T03:00:00
CMP-0188,CM Helpline,2026-08-08T10:00:00,Severe mosquito menace in Ashoka Garden. Urgent need for anti-larval fogging spray.,English,Public Health,Mosquito breeding / fogging request,Ashoka Garden,38,Medium,INC-0045,Resolved,2026-08-11T20:00:00
CMP-0438,Mobile App,2026-08-08T14:00:00,"Barkheda me drain blocked hai plastic ki wajah se, dirty water road pe overflow kar raha hai.",Hinglish,Drainage,Drain blockage,Barkheda,59,High,INC-0283,In Progress,
CMP-0541,Social Media,2026-08-08T17:00:00,Extremely low voltage in Awadhpuri. Refrigerators and water pumps cannot start.,English,Electricity,Low voltage,Awadhpuri,64,Medium,INC-0386,Resolved,2026-08-10T12:00:00
CMP-0615,CM Helpline,2026-08-08T18:00:00,"Lalghati Chouraha me machhar bohot badh gaye hain, malaria dengue ka fear hai, please fogging karwa do.",Hinglish,Public Health,Mosquito breeding / fogging request,Lalghati,6,Medium,INC-0460,Pending,
CMP-0299,CM Helpline,2026-08-08T19:00:00,शाहपुरा में पैदल मार्ग पर मैनहोल का ढक्कन टूटा हुआ है। कभी भी कोई बच्चा गिर सकता है।,Hindi,Drainage,Damaged manhole cover,Shahpura,50,Critical,INC-0144,Resolved,2026-08-12T07:00:00
CMP-0240,CM Helpline,2026-08-08T22:00:00,Missing manhole cover on main pedestrian path in अयोध्या बायपास. Critical fall hazard.,English,Drainage,Damaged manhole cover,Ayodhya Bypass,65,Critical,INC-0085,In Progress,
CMP-0266,Municipal Helpline,2026-08-09T01:00:00,बागसेवनिया क्षेत्र में मुख्य नाला जाम होने से रिहायशी घरों के सामने जलभराव हो गया है।,Hindi,Drainage,Drain blockage,Bagsewaniya,54,High,INC-0111,Resolved,2026-08-13T15:00:00
CMP-0697,Municipal Helpline,2026-08-09T01:00:00,Light pole fixture not functional in Bairasia Road. Area completely pitch dark at night.,English,Street Lighting,Streetlight not working,Bairasia Road,16,Low,INC-0542,Pending,
CMP-0431,CM Helpline,2026-08-09T02:00:00,"New Market में बिजली के तार काफी नीचे लटक रहे हैं, वाहनों से टकराने का अंदेशा है।",Hindi,Electricity,Loose overhead wires,New Market,32,Critical,INC-0276,Resolved,2026-08-11T03:00:00
CMP-0272,Municipal Helpline,2026-08-09T03:00:00,Severe voltage fluctuation in Bhadbhada damaging home electronics and appliances.,English,Electricity,Low voltage,Bhadbhada,27,Medium,INC-0117,Resolved,2026-08-09T08:00:00
CMP-0518,Mobile App,2026-08-09T04:00:00,"Kamla Nagar क्षेत्र में खंभे की लाइट खराब है, असामाजिक तत्वों का जमावड़ा लग रहा है।",Hindi,Street Lighting,Streetlight not working,Kamla Nagar,29,Low,INC-0363,In Progress,
CMP-0368,CM Helpline,2026-08-09T05:00:00,"Ratibad आवासीय क्षेत्र के पास खुली डंपिंग हो रही है, पर्यावरण को नुकसान पहुंच रहा है।",Hindi,Sanitation,Open dumping,Ratibad,84,Medium,INC-0213,Pending,
CMP-0291,Municipal Helpline,2026-08-09T06:00:00,Koh-e-Fiza में सार्वजनिक शौचालय में गंदगी का अंबार है और पानी की कोई व्यवस्था नहीं है।,Hindi,Public Health,Public toilet sanitation,Koh-e-Fiza,8,Medium,INC-0136,In Progress,
CMP-0202,Municipal Helpline,2026-08-09T15:00:00,जहांगीराबाद में सीवरेज लाइन जाम होने से गंदा पानी घरों के आगे भर गया है।,Hindi,Drainage,Overflowing sewage,Jahangirabad,41,High,INC-0049,Resolved,2026-08-14T09:00:00
CMP-0642,Municipal Helpline,2026-08-09T18:00:00,Shyamla me 2 din se paani nahi aa raha hai. Bahut dikkat ho rahi hai.,Hinglish,Water Supply,Water outage,Shyamla Hills,24,High,INC-0487,Resolved,2026-08-14T12:00:00
CMP-0427,CM Helpline,2026-08-09T20:00:00,"Saket Nagar me kachra gaadi 2 din se nahi aayi hai, gharo me kachra jama hai.",Hinglish,Sanitation,Irregular garbage collection,Saket Nagar,53,Low,INC-0272,In Progress,
CMP-0581,Mobile App,2026-08-09T21:00:00,"Sonagiri square side ganda paani bhara hua hai ground me, drainage se pump out karo.",Hinglish,Public Health,Stagnant water near habitation,Sonagiri,61,Medium,INC-0426,Resolved,2026-08-11T17:00:00
CMP-0201,Mobile App,2026-08-10T01:00:00,जहांगीराबाद में सीवरेज लाइन जाम होने से गंदा पानी घरों के आगे भर गया है।,Hindi,Drainage,Overflowing sewage,Jahangirabad,41,High,INC-0049,Resolved,2026-08-13T05:00:00
CMP-0509,Municipal Helpline,2026-08-10T01:00:00,जहांगीराबाद में कचरा गाड़ी पिछले एक हफ्ते से नहीं आई है। घरों में कचरा इकट्ठा हो गया है।,Hindi,Sanitation,Irregular garbage collection,Jahangirabad,41,Low,INC-0354,Resolved,2026-08-11T17:00:00
CMP-0200,CM Helpline,2026-08-10T15:00:00,Jahangirabad में सीवरेज लाइन जाम होने से गंदा पानी घरों के आगे भर गया है।,Hindi,Drainage,Overflowing sewage,Jahangirabad,41,High,INC-0049,Resolved,2026-08-14T02:00:00
CMP-0283,Social Media,2026-08-10T16:00:00,Streetlights on the entire stretch of एमपी नगर are dark for 10 days. Safety hazard for women.,English,Street Lighting,Streetlight not working,MP Nagar,47,Low,INC-0128,In Progress,
CMP-0649,Municipal Helpline,2026-08-10T17:00:00,Unscheduled power cut in Arera for the past 4 days. Inverter battery discharged.,English,Electricity,Power outage,Arera Colony,48,High,INC-0494,Resolved,2026-08-11T03:00:00
CMP-0199,Municipal Helpline,2026-08-10T19:00:00,"Jahangirabad police line me sewer line choked hai, black water sadak par fail gaya hai.",Hinglish,Drainage,Overflowing sewage,Jahangirabad,41,High,INC-0049,Resolved,2026-08-12T04:00:00
CMP-0297,Municipal Helpline,2026-08-10T19:00:00,"चूना भट्टी में खंभे का बल्ब लगातार ब्लिंक कर रहा है, कृपया बल्ब बदलें।",Hindi,Street Lighting,Flickering streetlight,Chuna Bhatti,82,Low,INC-0142,Resolved,2026-08-11T21:00:00
CMP-0563,Municipal Helpline,2026-08-11T00:00:00,Contaminated sewer water mixing with drinking supply in Misrod. Risk of cholera outbreak.,English,Water Supply,Contaminated water,Misrod,85,Critical,INC-0408,Pending,
CMP-0703,CM Helpline,2026-08-11T00:00:00,Shyamla Hills में 3 दिन से पानी की सप्लाई पूरी तरह बंद है। पीने के पानी के लिए भारी परेशानी हो रही है।,Hindi,Water Supply,Water outage,Shyamla Hills,24,High,INC-0548,Resolved,2026-08-14T11:00:00
CMP-0497,Social Media,2026-08-11T01:00:00,"Hoshangabad highway square ke paas deep pothole hai, night me visible nahi hota, accident prone hai.",Hinglish,Roads,Pothole,Hoshangabad Road,52,Medium,INC-0342,Resolved,2026-08-15T02:00:00
CMP-0443,Mobile App,2026-08-11T04:00:00,"E-5 Bittan me sewer line choked hai, black water sadak par fail gaya hai.",Hinglish,Drainage,Overflowing sewage,Bittan Market,46,High,INC-0288,Pending,
CMP-0401,Municipal Helpline,2026-08-11T05:00:00,Municipal door-to-door waste vehicle has not visited Baghmugaliya for 2 days.,English,Sanitation,Irregular garbage collection,Bagsewaniya,54,Low,INC-0246,In Progress,
CMP-0413,Elected Representative,2026-08-11T14:00:00,"पानी की भारी किल्लत Panchsheel Nagar में। बोरिंग और नल दोनों बंद हैं, बच्चे परेशान हो रहे हैं।",Hindi,Water Supply,Water outage,Panchsheel Nagar,30,High,INC-0258,In Progress,
CMP-0432,Municipal Helpline,2026-08-11T14:00:00,Nehru Nagar मुख्य मार्ग पर जानलेवा गड्ढे हो गए हैं। कई बाइक सवार गिरकर चोटिल हो चुके हैं।,Hindi,Roads,Pothole,Nehru Nagar,26,Medium,INC-0277,Resolved,2026-08-16T14:00:00
CMP-0214,CM Helpline,2026-08-11T17:00:00,"भदभदा रोड पर खुला मैनहोल खुला पड़ा है, तत्काल नया ढक्कन लगवाया जाए।",Hindi,Drainage,Damaged manhole cover,Bhadbhada,27,Critical,INC-0059,Resolved,2026-08-16T17:00:00
CMP-0741,Elected Representative,2026-08-11T21:00:00,Complete blackout in Nehru Nagar sector. No electricity since evening.,English,Electricity,Power outage,Nehru Nagar,26,High,INC-0586,Resolved,2026-08-16T16:00:00
CMP-0371,Municipal Helpline,2026-08-12T02:00:00,Extremely low voltage in Shahpura. Refrigerators and water pumps cannot start.,English,Electricity,Low voltage,Shahpura,50,Medium,INC-0216,In Progress,
CMP-0425,Mobile App,2026-08-12T02:00:00,"Hoshangabad Road me broken manhole lid hai, accident hone se pehle cover fix karo please.",Hinglish,Drainage,Damaged manhole cover,Hoshangabad Road,52,Critical,INC-0270,Resolved,2026-08-14T05:00:00
CMP-0465,Mobile App,2026-08-12T05:00:00,"श्यामला हिल्स रोड पर खुला मैनहोल खुला पड़ा है, तत्काल नया ढक्कन लगवाया जाए।",Hindi,Drainage,Damaged manhole cover,Shyamla Hills,24,Critical,INC-0310,Resolved,2026-08-14T04:00:00
CMP-0319,Municipal Helpline,2026-08-12T14:00:00,"Municipal public toilet in Govindpura is choked, without water, and filthy. Unusable.",English,Public Health,Public toilet sanitation,Govindpura,58,Medium,INC-0164,Pending,
CMP-0253,Municipal Helpline,2026-08-12T15:00:00,नीलबड़ में पिछले 5 दिन से अघोषित बिजली कटौती है। भीषण गर्मी में लोग परेशान हैं।,Hindi,Electricity,Power outage,Neelbad,83,High,INC-0098,In Progress,
CMP-0485,Mobile App,2026-08-12T15:00:00,"Overhead electricity cables sagging very low in मिसरोद, almost touching passing trucks.",English,Electricity,Loose overhead wires,Misrod,85,Critical,INC-0330,Resolved,2026-08-17T05:00:00
CMP-0352,Elected Representative,2026-08-12T20:00:00,डोर-टू-डोर कचरा संग्रहण वाहन सोनागिरी की गलियों में अनियमित रूप से आता है।,Hindi,Sanitation,Irregular garbage collection,Sonagiri,61,Low,INC-0197,In Progress,
CMP-0278,Mobile App,2026-08-12T21:00:00,Carcass of dead cattle on the road in Shahpura sector A. Please dispatch sanitation squad immediately.,English,Sanitation,Dead animal removal,Shahpura,50,High,INC-0123,In Progress,
CMP-0233,CM Helpline,2026-08-12T23:00:00,"Anand Nagar मुख्य मार्ग पर मृत पशु पड़ा हुआ है, संक्रमण फैलने की आशंका है।",Hindi,Sanitation,Dead animal removal,Anand Nagar,63,High,INC-0078,Resolved,2026-08-16T04:00:00
CMP-0248,Municipal Helpline,2026-08-13T14:00:00,मिसरोद में बिजली के खंभे से नंगे तार लटक रहे हैं। करंट लगने का गंभीर खतरा है।,Hindi,Street Lighting,Exposed wiring on pole,Misrod,85,Critical,INC-0093,Resolved,2026-08-15T08:00:00
CMP-0330,Municipal Helpline,2026-08-13T16:00:00,"कोतरा सुल्तानाबाद road pe main pipeline burst ho gayi hai, paani sadak pe beh raha hai.",Hinglish,Water Supply,Water leakage,Kotra Sultanabad,28,Medium,INC-0175,Resolved,2026-08-14T15:00:00
CMP-0369,Mobile App,2026-08-13T18:00:00,Bhai Sonagiri side tap water completely band hai 3 din se. Please urgent help karo.,Hinglish,Water Supply,Water outage,Sonagiri,61,High,INC-0214,Resolved,2026-08-15T00:00:00
CMP-0487,Municipal Helpline,2026-08-13T19:00:00,Construction material and sand dumped on the public road in Subhash Nagar blocking access.,English,Roads,Road obstruction,Subhash Nagar,39,High,INC-0332,Pending,
CMP-0630,Social Media,2026-08-13T21:00:00,"Bhai Nehru Nagar side roadside dumping badhti ja rahi hai, koi safai karne nahi aa raha.",Hinglish,Sanitation,Garbage accumulation,Nehru Nagar,26,Medium,INC-0475,Resolved,2026-08-17T03:00:00
CMP-0430,Mobile App,2026-08-14T01:00:00,Misrod के खाली भूखंड पर अवैध रूप से कचरा और निर्माण सामग्री फेंकी जा रही है।,Hindi,Sanitation,Open dumping,Misrod,85,Medium,INC-0275,Resolved,2026-08-14T12:00:00
CMP-0517,Municipal Helpline,2026-08-14T01:00:00,"Indrapuri sector C me streetlights band hain kal se, raat ko poora dark ho jata hai, safety risk hai.",Hinglish,Street Lighting,Streetlight not working,Indrapuri,62,Low,INC-0362,In Progress,
CMP-0560,Municipal Helpline,2026-08-14T01:00:00,Uneven cracked road stretch in Awadhpuri BHEL causing vehicle suspension breakdown.,English,Roads,Road damage,Awadhpuri,64,Medium,INC-0405,In Progress,
CMP-0357,Mobile App,2026-08-14T02:00:00,"Kolar me bahut sara kachra jama ho gaya hai ek hafte se, bohot gandi smell aa rahi hai.",Hinglish,Sanitation,Garbage accumulation,Kolar,80,Medium,INC-0202,In Progress,
CMP-0524,CM Helpline,2026-08-14T02:00:00,"E-3 Arera side trickle flow aa raha hai municipal line se, please check karo.",Hinglish,Water Supply,Low water pressure,Arera Colony,48,Medium,INC-0369,Resolved,2026-08-18T20:00:00
CMP-0412,Municipal Helpline,2026-08-14T04:00:00,"बैरागढ़ मुख्य मार्ग पर मृत पशु पड़ा हुआ है, संक्रमण फैलने की आशंका है।",Hindi,Sanitation,Dead animal removal,Bairagarh,3,High,INC-0257,Resolved,2026-08-17T18:00:00
CMP-0364,Municipal Helpline,2026-08-14T05:00:00,Nullah blocked near Indrapuri BHEL causing artificial waterlogging during light rains.,English,Drainage,Drain blockage,Indrapuri,62,High,INC-0209,Resolved,2026-08-14T20:00:00
CMP-0583,Municipal Helpline,2026-08-14T14:00:00,"Ayodhya nagar area me water supply cut off hai 3 din se, sabhi log pareshan hain.",Hinglish,Water Supply,Water outage,Ayodhya Bypass,65,High,INC-0428,In Progress,
CMP-0687,Mobile App,2026-08-14T17:00:00,"Bhai Bairagarh main road road ki halat kharab hai, gaddhe hi gaddhe hain, repair karwao please.",Hinglish,Roads,Pothole,Bairagarh,3,Medium,INC-0532,Pending,
CMP-0057,CM Helpline,2026-08-14T18:19:00,"TT Nagar के खाली मैदान में ठहरा हुआ पानी सड़ रहा है, पानी की निकासी कराई जाए।",Hindi,Public Health,Stagnant water near habitation,TT Nagar,33,Medium,INC-0007,Resolved,2026-08-18T08:19:00
CMP-0458,CM Helpline,2026-08-14T19:00:00,"श्यामला हिल्स रोड पर गड्ढों के कारण भयंकर ट्रैफिक जाम लग रहा है, तुरंत मरम्मत कराएं।",Hindi,Roads,Pothole,Shyamla Hills,24,Medium,INC-0303,In Progress,
CMP-0522,Social Media,2026-08-14T21:00:00,Kotra Sultanabad के पास भारी मात्रा में कचरा जमा है। दुर्गंध के कारण वहां से निकलना मुश्किल हो गया है।,Hindi,Sanitation,Garbage accumulation,Kotra Sultanabad,28,Medium,INC-0367,Resolved,2026-08-19T21:00:00
CMP-0135,Municipal Helpline,2026-08-14T23:00:00,"Karond square me drain blocked hai plastic ki wajah se, dirty water road pe overflow kar raha hai.",Hinglish,Drainage,Drain blockage,Karond,15,High,INC-0029,Resolved,2026-08-18T16:00:00
CMP-0134,CM Helpline,2026-08-15T02:00:00,"Karond side nullah jam hai 4 din se, barish me paani gharo ke andar ghus raha hai.",Hinglish,Drainage,Drain blockage,Karond,15,High,INC-0029,Resolved,2026-08-19T04:00:00
CMP-0448,CM Helpline,2026-08-15T02:00:00,"MP Nagar chourahe ke paas heavy water leakage ho rahi hai pipeline se, please fix it.",Hinglish,Water Supply,Water leakage,MP Nagar,47,Medium,INC-0293,Pending,
CMP-0052,Mobile App,2026-08-15T16:46:00,"TT Nagar के खाली मैदान में ठहरा हुआ पानी सड़ रहा है, पानी की निकासी कराई जाए।",Hindi,Public Health,Stagnant water near habitation,TT Nagar,33,Medium,INC-0007,Resolved,2026-08-16T09:46:00
CMP-0136,Elected Representative,2026-08-15T17:00:00,"Karond mandi side nullah jam hai 2 din se, barish me paani gharo ke andar ghus raha hai.",Hinglish,Drainage,Drain blockage,Karond,15,High,INC-0029,Resolved,2026-08-17T05:00:00
CMP-0300,Social Media,2026-08-15T17:00:00,Barkheda में नाली कचरे और प्लास्टिक से चोक हो गई है। गंदा पानी सड़क पर बह रहा है।,Hindi,Drainage,Drain blockage,Barkheda,59,High,INC-0145,Resolved,2026-08-20T02:00:00
CMP-0596,CM Helpline,2026-08-15T18:00:00,Missing manhole cover on main pedestrian path in Subhash nagar metro station. Critical fall hazard.,English,Drainage,Damaged manhole cover,Subhash Nagar,39,Critical,INC-0441,Pending,
CMP-0137,Municipal Helpline,2026-08-15T21:00:00,Karond क्षेत्र में मुख्य नाला जाम होने से रिहायशी घरों के सामने जलभराव हो गया है।,Hindi,Drainage,Drain blockage,Karond,15,High,INC-0029,Resolved,2026-08-19T09:00:00
CMP-0174,Mobile App,2026-08-15T21:00:00,Unscheduled power cut in Sant Hirdaram nagar for the past one week. Inverter battery discharged.,English,Electricity,Power outage,Bairagarh,3,High,INC-0041,Resolved,2026-08-20T00:00:00
CMP-0626,Mobile App,2026-08-16T00:00:00,"Bhai Chunabhatti side roadside dumping badhti ja rahi hai, koi safai karne nahi aa raha.",Hinglish,Sanitation,Garbage accumulation,Chuna Bhatti,82,Medium,INC-0471,Resolved,2026-08-17T08:00:00
CMP-0055,Mobile App,2026-08-16T02:19:00,"टीटी नगर side ganda paani bhara hua hai ground me, drainage se pump out karo.",Hinglish,Public Health,Stagnant water near habitation,TT Nagar,33,Medium,INC-0007,Resolved,2026-08-16T21:19:00
CMP-0053,CM Helpline,2026-08-16T06:12:00,"टीटी नगर के खाली मैदान में ठहरा हुआ पानी सड़ रहा है, पानी की निकासी कराई जाए।",Hindi,Public Health,Stagnant water near habitation,TT Nagar,33,Medium,INC-0007,Resolved,2026-08-18T16:12:00
CMP-0172,Mobile App,2026-08-16T09:00:00,Unscheduled power cut in Bairagarh for the past 2 days. Inverter battery discharged.,English,Electricity,Power outage,Bairagarh,3,High,INC-0041,Resolved,2026-08-19T07:00:00
CMP-0173,Municipal Helpline,2026-08-16T10:00:00,बैरागढ़ में पिछले 4 दिन से अघोषित बिजली कटौती है। भीषण गर्मी में लोग परेशान हैं।,Hindi,Electricity,Power outage,Bairagarh,3,High,INC-0041,Resolved,2026-08-17T14:00:00
CMP-0056,Mobile App,2026-08-16T12:24:00,Stagnant pool of green dirty water near TT Nagar residential plots breeding pests.,English,Public Health,Stagnant water near habitation,TT Nagar,33,Medium,INC-0007,Resolved,2026-08-18T18:24:00
CMP-0054,Municipal Helpline,2026-08-16T12:58:00,Waterlogged vacant plot in TT Nagar emitting foul odor and breeding vector mosquitoes.,English,Public Health,Stagnant water near habitation,TT Nagar,33,Medium,INC-0007,Resolved,2026-08-20T11:58:00
CMP-0469,Mobile App,2026-08-16T15:00:00,"बागसेवनिया side trickle flow aa raha hai municipal line se, please check karo.",Hinglish,Water Supply,Low water pressure,Bagsewaniya,54,Medium,INC-0314,In Progress,
CMP-0175,Mobile App,2026-08-16T16:00:00,"Bairagarh क्षेत्र में बिजली गुल है, ग्रिड या ट्रांसफार्मर में खराबी की आशंका है।",Hindi,Electricity,Power outage,Bairagarh,3,High,INC-0041,Resolved,2026-08-18T11:00:00
CMP-0251,Municipal Helpline,2026-08-16T16:00:00,"Chuna bhatti square road pe dead animal pada hua hai kal se, bahut badboo aa rahi hai, urgent remove karo.",Hinglish,Sanitation,Dead animal removal,Chuna Bhatti,82,High,INC-0096,In Progress,
CMP-0571,Social Media,2026-08-16T16:00:00,Arera Colony me 5 din se paani nahi aa raha hai. Bahut dikkat ho rahi hai.,Hinglish,Water Supply,Water outage,Arera Colony,48,High,INC-0416,Resolved,2026-08-20T18:00:00
CMP-0567,Mobile App,2026-08-16T17:00:00,"Subhash Nagar चौराहे पर 4 दिन से कचरे का ढेर लगा है, आवारा मवेशी गंदगी फैला रहे हैं।",Hindi,Sanitation,Garbage accumulation,Subhash Nagar,39,Medium,INC-0412,In Progress,
CMP-0597,Municipal Helpline,2026-08-16T18:00:00,"Sant Hirdaram nagar me peene ka paani bilkul nahi aa raha 5 din se, please tanker send kijiye.",Hinglish,Water Supply,Water outage,Bairagarh,3,High,INC-0442,In Progress,
CMP-0660,Social Media,2026-08-16T19:00:00,"टीटी नगर side loose electrical wire zameen ke paas aa gaya hai, please fix it.",Hinglish,Electricity,Loose overhead wires,TT Nagar,33,Critical,INC-0505,In Progress,
CMP-0349,Social Media,2026-08-16T21:00:00,Light pole fixture not functional in North TT Nagar. Area completely pitch dark at night.,English,Street Lighting,Streetlight not working,TT Nagar,33,Low,INC-0194,Resolved,2026-08-18T21:00:00
CMP-0674,Social Media,2026-08-17T02:00:00,Nullah blocked near Jahangirabad chowki causing artificial waterlogging during light rains.,English,Drainage,Drain blockage,Jahangirabad,41,High,INC-0519,Resolved,2026-08-20T07:00:00
CMP-0525,CM Helpline,2026-08-17T14:00:00,"Hoshangabad highway park ke paas trash pile up ho gaya hai, please Nagar Nigam vehicle bhejo.",Hinglish,Sanitation,Garbage accumulation,Hoshangabad Road,52,Medium,INC-0370,In Progress,
CMP-0604,Mobile App,2026-08-17T18:00:00,Very low water pressure in Ashoka Garden for the past 5 days. Upper floors cannot fill tanks.,English,Water Supply,Low water pressure,Ashoka Garden,38,Medium,INC-0449,Resolved,2026-08-18T20:00:00
CMP-0382,CM Helpline,2026-08-17T23:00:00,Garbage dumped on Kolar roadside for one week. Stray cattle and dogs scattering waste.,English,Sanitation,Garbage accumulation,Kolar,80,Medium,INC-0227,In Progress,
CMP-0222,Social Media,2026-08-18T00:00:00,"Police line nehru nagar me bahut sara kachra jama ho gaya hai ek hafte se, bohot gandi smell aa rahi hai.",Hinglish,Sanitation,Garbage accumulation,Nehru Nagar,26,Medium,INC-0067,In Progress,
CMP-0210,Municipal Helpline,2026-08-18T03:00:00,Water supply stopped abruptly in बागसेवनिया without prior notice. Need urgent water tanker.,English,Water Supply,Water outage,Bagsewaniya,54,High,INC-0055,Resolved,2026-08-20T13:00:00
CMP-0544,Social Media,2026-08-18T05:00:00,Water supply stopped abruptly in कोहेफिजा without prior notice. Need urgent water tanker.,English,Water Supply,Water outage,Koh-e-Fiza,8,High,INC-0389,Pending,
CMP-0651,Municipal Helpline,2026-08-18T06:00:00,Streetlights on the entire stretch of Bhadbhada are dark for one week. Safety hazard for women.,English,Street Lighting,Streetlight not working,Bhadbhada,27,Low,INC-0496,In Progress,
CMP-0410,Elected Representative,2026-08-18T15:00:00,"Piplani park ke paas trash pile up ho gaya hai, please Nagar Nigam vehicle bhejo.",Hinglish,Sanitation,Garbage accumulation,Piplani,60,Medium,INC-0255,Resolved,2026-08-21T09:00:00
CMP-0743,CM Helpline,2026-08-18T17:00:00,"Indrapuri sector C park ke paas trash pile up ho gaya hai, please Nagar Nigam vehicle bhejo.",Hinglish,Sanitation,Garbage accumulation,Indrapuri,62,Medium,INC-0588,Pending,
CMP-0543,Mobile App,2026-08-18T22:00:00,"MP Nagar me bahut sara kachra jama ho gaya hai 4 din se, bohot gandi smell aa rahi hai.",Hinglish,Sanitation,Garbage accumulation,MP Nagar,47,Medium,INC-0388,In Progress,
CMP-0482,Municipal Helpline,2026-08-19T00:00:00,Sewage chamber overflowing on चूना भट्टी residential street. Filthy black water spreading.,English,Drainage,Overflowing sewage,Chuna Bhatti,82,High,INC-0327,Resolved,2026-08-23T16:00:00
CMP-0356,Mobile App,2026-08-19T01:00:00,"Piplani BHEL me kachra gaadi 5 din se nahi aayi hai, gharo me kachra jama hai.",Hinglish,Sanitation,Irregular garbage collection,Piplani,60,Low,INC-0201,Resolved,2026-08-20T17:00:00
CMP-0303,Municipal Helpline,2026-08-19T15:00:00,"Awadhpuri me bahut sara kachra jama ho gaya hai kal se, bohot gandi smell aa rahi hai.",Hinglish,Sanitation,Garbage accumulation,Awadhpuri,64,Medium,INC-0148,In Progress,
CMP-0390,CM Helpline,2026-08-19T16:00:00,Bairasia Road में एक हफ्ते से पानी की सप्लाई पूरी तरह बंद है। पीने के पानी के लिए भारी परेशानी हो रही है।,Hindi,Water Supply,Water outage,Bairasia Road,16,High,INC-0235,Resolved,2026-08-22T14:00:00
CMP-0444,Municipal Helpline,2026-08-19T16:00:00,Nullah blocked near Chuna Bhatti causing artificial waterlogging during light rains.,English,Drainage,Drain blockage,Chuna Bhatti,82,High,INC-0289,Pending,
CMP-0230,CM Helpline,2026-08-19T17:00:00,Underground supply line leakage near Piplani market creating artificial puddle on road.,English,Water Supply,Water leakage,Piplani,60,Medium,INC-0075,Resolved,2026-08-22T19:00:00
CMP-0409,Mobile App,2026-08-19T17:00:00,"Ratibad college road side nullah jam hai 5 din se, barish me paani gharo ke andar ghus raha hai.",Hinglish,Drainage,Drain blockage,Ratibad,84,High,INC-0254,Resolved,2026-08-21T21:00:00
CMP-0492,Elected Representative,2026-08-19T18:00:00,Light pole fixture not functional in Bairagarh main road. Area completely pitch dark at night.,English,Street Lighting,Streetlight not working,Bairagarh,3,Low,INC-0337,Resolved,2026-08-21T09:00:00
CMP-0580,Municipal Helpline,2026-08-19T21:00:00,"बैरसिया रोड क्षेत्र में बिजली गुल है, ग्रिड या ट्रांसफार्मर में खराबी की आशंका है।",Hindi,Electricity,Power outage,Bairasia Road,16,High,INC-0425,In Progress,
CMP-0623,Municipal Helpline,2026-08-20T01:00:00,"Bhai Ratibad side roadside dumping badhti ja rahi hai, koi safai karne nahi aa raha.",Hinglish,Sanitation,Garbage accumulation,Ratibad,84,Medium,INC-0468,In Progress,
CMP-0707,Elected Representative,2026-08-20T03:00:00,Dangerous potholes on New Market main road. Multiple two-wheeler riders have fallen.,English,Roads,Pothole,New Market,32,Medium,INC-0552,Pending,
CMP-0435,Mobile App,2026-08-20T16:00:00,Anand Nagar में आवासीय बस्ती के पास गंदा पानी जमा है। बदबू और मच्छरों से लोग परेशान हैं।,Hindi,Public Health,Stagnant water near habitation,Anand Nagar,63,Medium,INC-0280,Resolved,2026-08-25T05:00:00
CMP-0098,CM Helpline,2026-08-20T19:14:00,"पानी की भारी किल्लत Ayodhya Bypass में। बोरिंग और नल दोनों बंद हैं, बच्चे परेशान हो रहे हैं।",Hindi,Water Supply,Water outage,Ayodhya Bypass,65,High,INC-0017,Resolved,2026-08-21T07:14:00
CMP-0733,Mobile App,2026-08-20T20:00:00,चूना भट्टी में 2 दिन से पानी का प्रेशर बहुत धीमा है। टंकी भरने में घंटों लग रहे हैं।,Hindi,Water Supply,Low water pressure,Chuna Bhatti,82,Medium,INC-0578,Resolved,2026-08-21T20:00:00
CMP-0221,Mobile App,2026-08-20T23:00:00,Massive pothole near Piplani intersection causing traffic congestion and accidents.,English,Roads,Pothole,Piplani,60,Medium,INC-0066,Pending,
CMP-0316,Municipal Helpline,2026-08-20T23:00:00,Water supply has been completely cut off in New Market for 2 days. Residents are facing severe hardship.,English,Water Supply,Water outage,New Market,32,High,INC-0161,In Progress,
CMP-0682,Municipal Helpline,2026-08-21T00:00:00,"M.P. Nagar me broken manhole lid hai, accident hone se pehle cover fix karo please.",Hinglish,Drainage,Damaged manhole cover,MP Nagar,47,Critical,INC-0527,Resolved,2026-08-22T10:00:00
CMP-0701,Municipal Helpline,2026-08-21T00:00:00,"Top n Town New Market main road pe bahut bade potholes ho gaye hain, do-wheelers roz phisal rahe hain.",Hinglish,Roads,Pothole,New Market,32,Medium,INC-0546,In Progress,
CMP-0311,CM Helpline,2026-08-21T03:00:00,सोनागिरी के पास मुख्य पाइपलाइन फूट गई है और हजारों लीटर साफ पानी सड़क पर बह रहा है।,Hindi,Water Supply,Water leakage,Sonagiri,61,Medium,INC-0156,Resolved,2026-08-25T22:00:00
CMP-0594,Mobile App,2026-08-21T05:00:00,"Broken, sunken manhole lid in Sonagiri. Someone placed a tree branch as warning.",English,Drainage,Damaged manhole cover,Sonagiri,61,Critical,INC-0439,In Progress,
CMP-0097,Mobile App,2026-08-21T08:11:00,No municipal tap water in Ayodhya nagar since 5 days. Kindly restore the supply immediately.,English,Water Supply,Water outage,Ayodhya Bypass,65,High,INC-0017,Resolved,2026-08-24T15:11:00
CMP-0099,Mobile App,2026-08-21T09:50:00,Bhai अयोध्या बायपास side tap water completely band hai 5 din se. Please urgent help karo.,Hinglish,Water Supply,Water outage,Ayodhya Bypass,65,High,INC-0017,Resolved,2026-08-22T07:50:00
CMP-0572,CM Helpline,2026-08-21T20:00:00,"Sonagiri side nullah jam hai ek hafte se, barish me paani gharo ke andar ghus raha hai.",Hinglish,Drainage,Drain blockage,Sonagiri,61,High,INC-0417,Resolved,2026-08-24T07:00:00
CMP-0659,CM Helpline,2026-08-22T01:00:00,"Bawadiya Kalan में सफाई कर्मचारी कचरा नहीं उठा रहे हैं, चारों तरफ कूड़ा बिखरा पड़ा है।",Hindi,Sanitation,Garbage accumulation,Bawadiya Kalan,51,Medium,INC-0504,Resolved,2026-08-23T04:00:00
CMP-0211,Social Media,2026-08-22T02:00:00,Massive pothole near Bittan intersection causing traffic congestion and accidents.,English,Roads,Pothole,Bittan Market,46,Medium,INC-0056,Resolved,2026-08-26T17:00:00
CMP-0611,Social Media,2026-08-22T16:00:00,Dengue and malaria cases rising in पंचशील नगर due to rampant mosquito breeding.,English,Public Health,Mosquito breeding / fogging request,Panchsheel Nagar,30,Medium,INC-0456,Resolved,2026-08-26T21:00:00
CMP-0108,CM Helpline,2026-08-22T18:00:00,Kolar क्षेत्र में नल में पानी नहीं आ रहा है एक हफ्ते से। कृपया तुरंत जल प्रदाय शुरू कराएं।,Hindi,Water Supply,Water outage,Kolar,80,High,INC-0021,Resolved,2026-08-27T13:00:00
CMP-0507,CM Helpline,2026-08-22T18:00:00,Entire asphalt surface washed away near बिट्टन मार्केट. Road broken into gravel and dust.,English,Roads,Road damage,Bittan Market,46,Medium,INC-0352,In Progress,
CMP-0207,Social Media,2026-08-22T20:00:00,Sewage chamber overflowing on Kotra Sultanabad residential street. Filthy black water spreading.,English,Drainage,Overflowing sewage,Kotra Sultanabad,28,High,INC-0052,Resolved,2026-08-24T09:00:00
CMP-0109,CM Helpline,2026-08-22T22:00:00,Bhai Kolar side tap water completely band hai 4 din se. Please urgent help karo.,Hinglish,Water Supply,Water outage,Kolar,80,High,INC-0021,Resolved,2026-08-25T23:00:00
CMP-0513,Mobile App,2026-08-23T02:00:00,Underground supply line leakage near Indrapuri sector C market creating artificial puddle on road.,English,Water Supply,Water leakage,Indrapuri,62,Medium,INC-0358,In Progress,
CMP-0269,Mobile App,2026-08-23T05:00:00,"Bhadbhada dam area square ke paas deep pothole hai, night me visible nahi hota, accident prone hai.",Hinglish,Roads,Pothole,Bhadbhada,27,Medium,INC-0114,Resolved,2026-08-25T22:00:00
CMP-0442,CM Helpline,2026-08-23T06:00:00,Multiple dog bite incidents in E-8 Gulmohar this week. Urgent municipal dog catching required.,English,Public Health,Stray dog menace,Gulmohar,49,Medium,INC-0287,Resolved,2026-08-27T15:00:00
CMP-0726,Municipal Helpline,2026-08-23T06:00:00,Bhadbhada में कचरा गाड़ी पिछले एक हफ्ते से नहीं आई है। घरों में कचरा इकट्ठा हो गया है।,Hindi,Sanitation,Irregular garbage collection,Bhadbhada,27,Low,INC-0571,Resolved,2026-08-24T23:00:00
CMP-0111,Municipal Helpline,2026-08-23T09:00:00,Severe water shortage in कोलार area. Not a single drop of water since yesterday.,English,Water Supply,Water outage,Kolar,80,High,INC-0021,Resolved,2026-08-24T19:00:00
CMP-0398,CM Helpline,2026-08-23T14:00:00,"बिट्टन मार्केट में पिछले एक हफ्ते से पानी नहीं आया है, नगर निगम तुरंत टैंकर भिजवाए।",Hindi,Water Supply,Water outage,Bittan Market,46,High,INC-0243,Resolved,2026-08-27T10:00:00
CMP-0110,CM Helpline,2026-08-23T17:00:00,Water supply has been completely cut off in Kolar Road for 5 days. Residents are facing severe hardship.,English,Water Supply,Water outage,Kolar,80,High,INC-0021,Resolved,2026-08-28T06:00:00
CMP-0723,Municipal Helpline,2026-08-23T18:00:00,"Bagsewaniya बाजार के पास हाई टेंशन तार झूल रहा है, तुरंत कसा जाए।",Hindi,Electricity,Loose overhead wires,Bagsewaniya,54,Critical,INC-0568,Resolved,2026-08-28T16:00:00
CMP-0161,CM Helpline,2026-08-24T15:00:00,"Shahpura lane me pole light on nahi ho rahi, please technician bhejiye.",Hinglish,Street Lighting,Streetlight not working,Shahpura,50,Low,INC-0037,Resolved,2026-08-24T18:00:00
CMP-0512,Elected Representative,2026-08-24T16:00:00,Very low water pressure in Ashoka Garden for the past 3 days. Upper floors cannot fill tanks.,English,Water Supply,Low water pressure,Ashoka Garden,38,Medium,INC-0357,Resolved,2026-08-25T08:00:00
CMP-0399,Mobile App,2026-08-24T17:00:00,Huge heap of uncollected garbage near Kolar Road market. Foul smell is unbearable.,English,Sanitation,Garbage accumulation,Kolar,80,Medium,INC-0244,Pending,
CMP-0466,Mobile App,2026-08-24T17:00:00,"Panchsheel colony me overhead power cables dangerous height par latak rahe hain, truck se takra sakte hain.",Hinglish,Electricity,Loose overhead wires,Panchsheel Nagar,30,Critical,INC-0311,Pending,
CMP-0538,Municipal Helpline,2026-08-24T18:00:00,"Bhai Kamla Nagar road ki halat kharab hai, gaddhe hi gaddhe hain, repair karwao please.",Hinglish,Roads,Pothole,Kamla Nagar,29,Medium,INC-0383,Resolved,2026-08-28T12:00:00
CMP-0159,Municipal Helpline,2026-08-24T20:00:00,"शाहपुरा क्षेत्र में खंभे की लाइट खराब है, असामाजिक तत्वों का जमावड़ा लग रहा है।",Hindi,Street Lighting,Streetlight not working,Shahpura,50,Low,INC-0037,Resolved,2026-08-26T03:00:00
CMP-0534,Municipal Helpline,2026-08-24T22:00:00,Very low water pressure in Kolar nagar for the past one week. Upper floors cannot fill tanks.,English,Water Supply,Low water pressure,Kolar,80,Medium,INC-0379,In Progress,
CMP-0679,Municipal Helpline,2026-08-24T23:00:00,Complete blackout in Arera Colony sector. No electricity since evening.,English,Electricity,Power outage,Arera Colony,48,High,INC-0524,Pending,
CMP-0511,Mobile App,2026-08-25T02:00:00,"Awadhpuri me road completely break ho chuki hai, sirf dust aur stones bache hain.",Hinglish,Roads,Road damage,Awadhpuri,64,Medium,INC-0356,Resolved,2026-08-27T09:00:00
CMP-0555,Municipal Helpline,2026-08-25T05:00:00,Fallen tree branch blocking one entire lane near चूना भट्टी. Traffic backed up.,English,Roads,Road obstruction,Chuna Bhatti,82,High,INC-0400,Resolved,2026-08-28T16:00:00
CMP-0680,Social Media,2026-08-25T05:00:00,"सोनागिरी me overhead power cables dangerous height par latak rahe hain, truck se takra sakte hain.",Hinglish,Electricity,Loose overhead wires,Sonagiri,61,Critical,INC-0525,Resolved,2026-08-27T08:00:00
CMP-0720,Elected Representative,2026-08-25T05:00:00,Lalghati Chouraha me 5 din se paani nahi aa raha hai. Bahut dikkat ho rahi hai.,Hinglish,Water Supply,Water outage,Lalghati,6,High,INC-0565,Resolved,2026-08-28T15:00:00
CMP-0731,Social Media,2026-08-25T05:00:00,"Lalghati side trickle flow aa raha hai municipal line se, please check karo.",Hinglish,Water Supply,Low water pressure,Lalghati,6,Medium,INC-0576,Resolved,2026-08-28T22:00:00
CMP-0533,CM Helpline,2026-08-25T06:00:00,"एमपी नगर बस स्टैंड के पास सुलभ शौचालय बंद और बदहाल पड़ा है, तुरंत सफाई कराई जाए।",Hindi,Public Health,Public toilet sanitation,MP Nagar,47,Medium,INC-0378,Resolved,2026-08-27T20:00:00
CMP-0123,Elected Representative,2026-08-25T07:00:00,Huge heap of uncollected garbage near M.P. Nagar market. Foul smell is unbearable.,English,Sanitation,Garbage accumulation,MP Nagar,47,Medium,INC-0025,Resolved,2026-08-27T07:00:00
CMP-0158,Mobile App,2026-08-25T08:00:00,Light pole fixture not functional in Shahpura sector A. Area completely pitch dark at night.,English,Street Lighting,Streetlight not working,Shahpura,50,Low,INC-0037,Resolved,2026-08-28T23:00:00
CMP-0122,Elected Representative,2026-08-25T15:00:00,"MP Nagar park ke paas trash pile up ho gaya hai, please Nagar Nigam vehicle bhejo.",Hinglish,Sanitation,Garbage accumulation,MP Nagar,47,Medium,INC-0025,Resolved,2026-08-28T02:00:00
CMP-0746,Mobile App,2026-08-25T21:00:00,"Shyamla Hills क्षेत्र में खंभे की लाइट खराब है, असामाजिक तत्वों का जमावड़ा लग रहा है।",Hindi,Street Lighting,Streetlight not working,Shyamla Hills,24,Low,INC-0591,Resolved,2026-08-30T06:00:00
CMP-0634,Municipal Helpline,2026-08-25T23:00:00,Very low water pressure in Bairagarh for the past one week. Upper floors cannot fill tanks.,English,Water Supply,Low water pressure,Bairagarh,3,Medium,INC-0479,Resolved,2026-08-30T04:00:00
CMP-0359,CM Helpline,2026-08-26T00:00:00,"Bairagarh me stray dogs ka pack aggressive ho gaya hai, bike riders ke peeche daudte hain.",Hinglish,Public Health,Stray dog menace,Bairagarh,3,Medium,INC-0204,Resolved,2026-08-27T11:00:00
CMP-0160,Elected Representative,2026-08-26T01:00:00,"Shahpura me streetlights band hain 5 din se, raat ko poora dark ho jata hai, safety risk hai.",Hinglish,Street Lighting,Streetlight not working,Shahpura,50,Low,INC-0037,Resolved,2026-08-30T14:00:00
CMP-0609,Mobile App,2026-08-26T02:00:00,"Kolar chourahe ke paas heavy water leakage ho rahi hai pipeline se, please fix it.",Hinglish,Water Supply,Water leakage,Kolar,80,Medium,INC-0454,Resolved,2026-08-29T23:00:00
CMP-0675,CM Helpline,2026-08-26T02:00:00,"पंचशील नगर क्षेत्र में सड़क धंस गई है, भारी वाहनों के चलने से खतरा बढ़ गया है।",Hindi,Roads,Road damage,Panchsheel Nagar,30,Medium,INC-0520,In Progress,
CMP-0529,Municipal Helpline,2026-08-26T03:00:00,Light pole fixture not functional in Sonagiri square. Area completely pitch dark at night.,English,Street Lighting,Streetlight not working,Sonagiri,61,Low,INC-0374,Resolved,2026-08-30T08:00:00
CMP-0331,Municipal Helpline,2026-08-26T17:00:00,"Indrapuri main road pe bahut bade potholes ho gaye hain, do-wheelers roz phisal rahe hain.",Hinglish,Roads,Pothole,Indrapuri,62,Medium,INC-0176,Resolved,2026-08-28T03:00:00
CMP-0301,CM Helpline,2026-08-26T18:00:00,नेहरू नगर में नाली कचरे और प्लास्टिक से चोक हो गई है। गंदा पानी सड़क पर बह रहा है।,Hindi,Drainage,Drain blockage,Nehru Nagar,26,High,INC-0146,Resolved,2026-08-28T22:00:00
CMP-0237,CM Helpline,2026-08-26T22:00:00,कमला नगर में वोल्टेज में भारी उतार-चढ़ाव से घरेलू उपकरण खराब होने का खतरा है।,Hindi,Electricity,Low voltage,Kamla Nagar,29,Medium,INC-0082,Pending,
CMP-0584,Mobile App,2026-08-26T23:00:00,Garbage dumped on Awadhpuri roadside for yesterday. Stray cattle and dogs scattering waste.,English,Sanitation,Garbage accumulation,Awadhpuri,64,Medium,INC-0429,In Progress,
CMP-0526,Mobile App,2026-08-27T02:00:00,Major water pipeline burst on main road near होशंगाबाद रोड. Thousands of liters wasting.,English,Water Supply,Water leakage,Hoshangabad Road,52,Medium,INC-0371,In Progress,
CMP-0467,Elected Representative,2026-08-27T15:00:00,"Piplani में बिजली के तार काफी नीचे लटक रहे हैं, वाहनों से टकराने का अंदेशा है।",Hindi,Electricity,Loose overhead wires,Piplani,60,Critical,INC-0312,Resolved,2026-08-28T12:00:00
CMP-0618,Elected Representative,2026-08-27T18:00:00,"Tap water in Panchsheel Nagar is muddy, yellow, and foul smelling. Unfit for drinking.",English,Water Supply,Contaminated water,Panchsheel Nagar,30,Critical,INC-0463,Resolved,2026-08-28T19:00:00
CMP-0361,CM Helpline,2026-08-27T21:00:00,"सोनागिरी में सड़क किनारे मृत जानवर पड़ा है। तीव्र दुर्गंध फैल रही है, कृपया तुरंत उठवाएं।",Hindi,Sanitation,Dead animal removal,Sonagiri,61,High,INC-0206,Resolved,2026-08-28T13:00:00
CMP-0599,CM Helpline,2026-08-28T02:00:00,Complete blackout in आनंद नगर sector. No electricity since evening.,English,Electricity,Power outage,Anand Nagar,63,High,INC-0444,Resolved,2026-08-31T19:00:00
CMP-0336,Mobile App,2026-08-28T14:00:00,"Gulmohar रोड पर गड्ढों के कारण भयंकर ट्रैफिक जाम लग रहा है, तुरंत मरम्मत कराएं।",Hindi,Roads,Pothole,Gulmohar,49,Medium,INC-0181,Pending,
CMP-0591,Mobile App,2026-08-28T16:00:00,डोर-टू-डोर कचरा संग्रहण वाहन अशोका गार्डन की गलियों में अनियमित रूप से आता है।,Hindi,Sanitation,Irregular garbage collection,Ashoka Garden,38,Low,INC-0436,Resolved,2026-09-02T12:00:00
CMP-0683,CM Helpline,2026-08-28T16:00:00,"मिसरोद रोड पर गड्ढों के कारण भयंकर ट्रैफिक जाम लग रहा है, तुरंत मरम्मत कराएं।",Hindi,Roads,Pothole,Misrod,85,Medium,INC-0528,Pending,
CMP-0093,CM Helpline,2026-08-28T16:36:00,Garbage dumped on Anand nagar BHEL roadside for 2 days. Stray cattle and dogs scattering waste.,English,Sanitation,Garbage accumulation,Anand Nagar,63,Medium,INC-0015,Resolved,2026-08-30T03:36:00
CMP-0315,Social Media,2026-08-28T18:00:00,Severe water shortage in ईदगाह हिल्स area. Not a single drop of water since yesterday.,English,Water Supply,Water outage,Idgah Hills,9,High,INC-0160,Pending,
CMP-0664,CM Helpline,2026-08-28T18:00:00,Dead dog lying on the pavement near Narmadapuram Road. Rotting carcass causing severe stench.,English,Sanitation,Dead animal removal,Hoshangabad Road,52,High,INC-0509,Pending,
CMP-0602,CM Helpline,2026-08-28T19:00:00,"Overhead electricity cables sagging very low in Ratibad, almost touching passing trucks.",English,Electricity,Loose overhead wires,Ratibad,84,Critical,INC-0447,Resolved,2026-08-31T02:00:00
CMP-0092,CM Helpline,2026-08-28T19:35:00,Huge heap of uncollected garbage near Anand Nagar market. Foul smell is unbearable.,English,Sanitation,Garbage accumulation,Anand Nagar,63,Medium,INC-0015,Resolved,2026-08-31T12:35:00
CMP-0521,Mobile App,2026-08-28T22:00:00,एमपी नगर me open plot pe unauthorized dumping ho rahi hai roz raat ko.,Hinglish,Sanitation,Open dumping,MP Nagar,47,Medium,INC-0366,In Progress,
CMP-0422,Mobile App,2026-08-29T00:00:00,"TT Nagar के खाली मैदान में ठहरा हुआ पानी सड़ रहा है, पानी की निकासी कराई जाए।",Hindi,Public Health,Stagnant water near habitation,TT Nagar,33,Medium,INC-0267,In Progress,
CMP-0091,CM Helpline,2026-08-29T06:23:00,Huge heap of uncollected garbage near Anand Nagar market. Foul smell is unbearable.,English,Sanitation,Garbage accumulation,Anand Nagar,63,Medium,INC-0015,Resolved,2026-08-30T20:23:00
CMP-0090,Mobile App,2026-08-29T09:46:00,"Anand Nagar park ke paas trash pile up ho gaya hai, please Nagar Nigam vehicle bhejo.",Hinglish,Sanitation,Garbage accumulation,Anand Nagar,63,Medium,INC-0015,Resolved,2026-09-02T22:46:00
CMP-0328,Elected Representative,2026-08-29T14:00:00,"Kolar park ke paas trash pile up ho gaya hai, please Nagar Nigam vehicle bhejo.",Hinglish,Sanitation,Garbage accumulation,Kolar,80,Medium,INC-0173,Resolved,2026-09-02T13:00:00
CMP-0367,Municipal Helpline,2026-08-29T17:00:00,Massive pothole near Bittan market ground intersection causing traffic congestion and accidents.,English,Roads,Pothole,Bittan Market,46,Medium,INC-0212,Resolved,2026-08-30T03:00:00
CMP-0616,Mobile App,2026-08-29T18:00:00,Multiple dog bite incidents in Nehru Nagar this week. Urgent municipal dog catching required.,English,Public Health,Stray dog menace,Nehru Nagar,26,Medium,INC-0461,Resolved,2026-09-01T07:00:00
CMP-0559,Mobile App,2026-08-29T20:00:00,श्यामला हिल्स में नाली कचरे और प्लास्टिक से चोक हो गई है। गंदा पानी सड़क पर बह रहा है।,Hindi,Drainage,Drain blockage,Shyamla Hills,24,High,INC-0404,Pending,
CMP-0470,Municipal Helpline,2026-08-29T21:00:00,Subhash Nagar में 2 दिन से पानी की सप्लाई पूरी तरह बंद है। पीने के पानी के लिए भारी परेशानी हो रही है।,Hindi,Water Supply,Water outage,Subhash Nagar,39,High,INC-0315,In Progress,
CMP-0476,CM Helpline,2026-08-29T22:00:00,"रातीबड़ में स्ट्रीट लाइट पोल का जंक्शन बॉक्स खुला पड़ा है, बच्चे छू सकते हैं।",Hindi,Street Lighting,Exposed wiring on pole,Ratibad,84,Critical,INC-0321,Resolved,2026-08-31T17:00:00
CMP-0586,Municipal Helpline,2026-08-30T02:00:00,Deep craters developed on MP Nagar road after rain. Major hazard for night commuters.,English,Roads,Pothole,MP Nagar,47,Medium,INC-0431,In Progress,
CMP-0535,Mobile App,2026-08-30T17:00:00,बरखेड़ा मुख्य मार्ग पर जानलेवा गड्ढे हो गए हैं। कई बाइक सवार गिरकर चोटिल हो चुके हैं।,Hindi,Roads,Pothole,Barkheda,59,Medium,INC-0380,Pending,
CMP-0249,Elected Representative,2026-08-30T23:00:00,"Bhai Neelbad side roadside dumping badhti ja rahi hai, koi safai karne nahi aa raha.",Hinglish,Sanitation,Garbage accumulation,Neelbad,83,Medium,INC-0094,In Progress,
CMP-0553,Municipal Helpline,2026-08-31T15:00:00,Garbage dumped on Govindpura Industrial Area roadside for 2 days. Stray cattle and dogs scattering waste.,English,Sanitation,Garbage accumulation,Govindpura,58,Medium,INC-0398,Resolved,2026-09-05T13:00:00
CMP-0421,Mobile App,2026-08-31T20:00:00,"Piplani side nullah jam hai 5 din se, barish me paani gharo ke andar ghus raha hai.",Hinglish,Drainage,Drain blockage,Piplani,60,High,INC-0266,Resolved,2026-09-01T15:00:00
CMP-0668,Mobile App,2026-08-31T20:00:00,"Kolar में सड़क किनारे मृत जानवर पड़ा है। तीव्र दुर्गंध फैल रही है, कृपया तुरंत उठवाएं।",Hindi,Sanitation,Dead animal removal,Kolar,80,High,INC-0513,Pending,
CMP-0025,Municipal Helpline,2026-08-31T20:55:00,Missing manhole cover on main pedestrian path in जहांगीराबाद. Critical fall hazard.,English,Drainage,Damaged manhole cover,Jahangirabad,41,Critical,INC-0003,Resolved,2026-09-03T20:55:00
CMP-0608,CM Helpline,2026-08-31T22:00:00,"Indrapuri side road sink ho gayi hai, gaadi chalana dangerous ho gaya hai.",Hinglish,Roads,Road damage,Indrapuri,62,Medium,INC-0453,Resolved,2026-09-05T19:00:00
CMP-0698,Elected Representative,2026-09-01T01:00:00,Govindpura में बड़ा पेड़ सड़क पर गिर गया है जिससे पूरा रास्ता बंद हो गया है।,Hindi,Roads,Road obstruction,Govindpura,58,High,INC-0543,Pending,
CMP-0711,CM Helpline,2026-09-01T02:00:00,Panchsheel Nagar main road par fallen tree branch ki wajah se heavy jam laga hai.,Hinglish,Roads,Road obstruction,Panchsheel Nagar,30,High,INC-0556,In Progress,
CMP-0416,Mobile App,2026-09-01T03:00:00,न्यू मार्केट क्षेत्र में नल में पानी नहीं आ रहा है 3 दिन से। कृपया तुरंत जल प्रदाय शुरू कराएं।,Hindi,Water Supply,Water outage,New Market,32,High,INC-0261,Resolved,2026-09-03T16:00:00
CMP-0218,Social Media,2026-09-01T05:00:00,Fallen tree branch blocking one entire lane near शाहपुरा. Traffic backed up.,English,Roads,Road obstruction,Shahpura,50,High,INC-0063,In Progress,
CMP-0241,Mobile App,2026-09-01T05:00:00,Indrapuri मुख्य मार्ग पर जानलेवा गड्ढे हो गए हैं। कई बाइक सवार गिरकर चोटिल हो चुके हैं।,Hindi,Roads,Pothole,Indrapuri,62,Medium,INC-0086,Resolved,2026-09-03T12:00:00
CMP-0406,CM Helpline,2026-09-01T15:00:00,Contaminated sewer water mixing with drinking supply in Ashoka Garden. Risk of cholera outbreak.,English,Water Supply,Contaminated water,Ashoka Garden,38,Critical,INC-0251,In Progress,
CMP-0023,Social Media,2026-09-01T17:28:00,"Jahangirabad police line me broken manhole lid hai, accident hone se pehle cover fix karo please.",Hinglish,Drainage,Damaged manhole cover,Jahangirabad,41,Critical,INC-0003,Resolved,2026-09-03T15:28:00
CMP-0027,Municipal Helpline,2026-09-01T21:22:00,"Broken, sunken manhole lid in Jahangirabad. Someone placed a tree branch as warning.",English,Drainage,Damaged manhole cover,Jahangirabad,41,Critical,INC-0003,Resolved,2026-09-05T14:22:00
CMP-0457,Mobile App,2026-09-01T23:00:00,"Sonagiri क्षेत्र में सड़क धंस गई है, भारी वाहनों के चलने से खतरा बढ़ गया है।",Hindi,Roads,Road damage,Sonagiri,61,Medium,INC-0302,Pending,
CMP-0738,Mobile App,2026-09-02T02:00:00,"Karond side trickle flow aa raha hai municipal line se, please check karo.",Hinglish,Water Supply,Low water pressure,Karond,15,Medium,INC-0583,In Progress,
CMP-0029,CM Helpline,2026-09-02T04:28:00,Missing manhole cover on main pedestrian path in Jahangirabad police line. Critical fall hazard.,English,Drainage,Damaged manhole cover,Jahangirabad,41,Critical,INC-0003,Resolved,2026-09-02T16:28:00
CMP-0030,CM Helpline,2026-09-02T05:06:00,Jahangirabad में पैदल मार्ग पर मैनहोल का ढक्कन टूटा हुआ है। कभी भी कोई बच्चा गिर सकता है।,Hindi,Drainage,Damaged manhole cover,Jahangirabad,41,Critical,INC-0003,Resolved,2026-09-06T20:06:00
CMP-0024,Mobile App,2026-09-02T05:14:00,Missing manhole cover on main pedestrian path in Jahangirabad chowki. Critical fall hazard.,English,Drainage,Damaged manhole cover,Jahangirabad,41,Critical,INC-0003,Resolved,2026-09-03T13:14:00
CMP-0026,Municipal Helpline,2026-09-02T06:36:00,"Broken, sunken manhole lid in Jahangirabad. Someone placed a tree branch as warning.",English,Drainage,Damaged manhole cover,Jahangirabad,41,Critical,INC-0003,Resolved,2026-09-02T21:36:00
CMP-0028,CM Helpline,2026-09-02T11:06:00,"Jahangirabad रोड पर खुला मैनहोल खुला पड़ा है, तत्काल नया ढक्कन लगवाया जाए।",Hindi,Drainage,Damaged manhole cover,Jahangirabad,41,Critical,INC-0003,Resolved,2026-09-03T21:06:00
CMP-0658,CM Helpline,2026-09-02T14:00:00,"अशोका गार्डन क्षेत्र में डेंगू का खतरा बढ़ रहा है, कीटनाशक छिड़काव कराया जाए।",Hindi,Public Health,Mosquito breeding / fogging request,Ashoka Garden,38,Medium,INC-0503,Pending,
CMP-0690,CM Helpline,2026-09-02T15:00:00,"Idgah Hills me nalo se dirty aur smelly water aa raha hai ek hafte se, peena impossible hai.",Hinglish,Water Supply,Contaminated water,Idgah Hills,9,Critical,INC-0535,Pending,
CMP-0295,Municipal Helpline,2026-09-02T18:00:00,Dangerous potholes on Bairagarh main road. Multiple two-wheeler riders have fallen.,English,Roads,Pothole,Bairagarh,3,Medium,INC-0140,Resolved,2026-09-05T09:00:00
CMP-0721,CM Helpline,2026-09-02T18:00:00,"Awadhpuri BHEL pole ke base pe live wires exposed hain, immediate action needed.",Hinglish,Street Lighting,Exposed wiring on pole,Awadhpuri,64,Critical,INC-0566,Resolved,2026-09-03T06:00:00
CMP-0446,Municipal Helpline,2026-09-03T00:00:00,Deep craters developed on Saket nagar AIIMS road after rain. Major hazard for night commuters.,English,Roads,Pothole,Saket Nagar,53,Medium,INC-0291,Pending,
CMP-0631,Municipal Helpline,2026-09-03T03:00:00,Unscheduled power cut in Lalghati for the past yesterday. Inverter battery discharged.,English,Electricity,Power outage,Lalghati,6,High,INC-0476,Pending,
CMP-0653,Social Media,2026-09-03T03:00:00,"Tap water in बागसेवनिया is muddy, yellow, and foul smelling. Unfit for drinking.",English,Water Supply,Contaminated water,Bagsewaniya,54,Critical,INC-0498,Pending,
CMP-0289,Mobile App,2026-09-03T04:00:00,Severe mosquito menace in Piplani. Urgent need for anti-larval fogging spray.,English,Public Health,Mosquito breeding / fogging request,Piplani,60,Medium,INC-0134,Pending,
CMP-0676,CM Helpline,2026-09-03T15:00:00,Major water pipeline burst on main road near करोंद. Thousands of liters wasting.,English,Water Supply,Water leakage,Karond,15,Medium,INC-0521,Pending,
CMP-0592,Mobile App,2026-09-03T16:00:00,Chuna Bhatti के पास पूरी सड़क उखड़ गई है और केवल गिट्टी और धूल उड़ रही है।,Hindi,Roads,Road damage,Chuna Bhatti,82,Medium,INC-0437,In Progress,
CMP-0705,Mobile App,2026-09-03T18:00:00,"Awadhpuri क्षेत्र में डेंगू का खतरा बढ़ रहा है, कीटनाशक छिड़काव कराया जाए।",Hindi,Public Health,Mosquito breeding / fogging request,Awadhpuri,64,Medium,INC-0550,Resolved,2026-09-04T07:00:00
CMP-0298,Municipal Helpline,2026-09-03T20:00:00,Idgah Hills के पास भारी मात्रा में कचरा जमा है। दुर्गंध के कारण वहां से निकलना मुश्किल हो गया है।,Hindi,Sanitation,Garbage accumulation,Idgah Hills,9,Medium,INC-0143,Resolved,2026-09-05T10:00:00
CMP-0532,Municipal Helpline,2026-09-03T20:00:00,Complete blackout in MP Nagar sector. No electricity since evening.,English,Electricity,Power outage,MP Nagar,47,High,INC-0377,Resolved,2026-09-07T20:00:00
CMP-0388,Elected Representative,2026-09-03T22:00:00,"Indrapuri में सफाई कर्मचारी कचरा नहीं उठा रहे हैं, चारों तरफ कूड़ा बिखरा पड़ा है।",Hindi,Sanitation,Garbage accumulation,Indrapuri,62,Medium,INC-0233,In Progress,
CMP-0001,Mobile App,2026-09-04T00:43:00,Very low water pressure in MP Nagar for the past 2 days. Upper floors cannot fill tanks.,English,Water Supply,Low water pressure,MP Nagar,47,Medium,INC-0001,Resolved,2026-09-04T06:43:00
CMP-0436,Mobile App,2026-09-04T03:00:00,Bhai Raisen road Anand nagar side tap water completely band hai 4 din se. Please urgent help karo.,Hinglish,Water Supply,Water outage,Anand Nagar,63,High,INC-0281,In Progress,
CMP-0002,Mobile App,2026-09-04T08:32:00,Very low water pressure in MP Nagar for the past 5 days. Upper floors cannot fill tanks.,English,Water Supply,Low water pressure,MP Nagar,47,Medium,INC-0001,Resolved,2026-09-07T08:32:00
CMP-0007,CM Helpline,2026-09-04T08:49:00,Very low water pressure in MP Nagar for the past 10 days. Upper floors cannot fill tanks.,English,Water Supply,Low water pressure,MP Nagar,47,Medium,INC-0001,Resolved,2026-09-04T23:49:00
CMP-0011,CM Helpline,2026-09-04T08:52:00,"M.P. Nagar side trickle flow aa raha hai municipal line se, please check karo.",Hinglish,Water Supply,Low water pressure,MP Nagar,47,Medium,INC-0001,Resolved,2026-09-09T07:52:00
CMP-0004,CM Helpline,2026-09-04T11:09:00,"एमपी नगर क्षेत्र में नल से बहुत कम पानी आ रहा है, कृपया प्रेशर की जांच करवाएं।",Hindi,Water Supply,Low water pressure,MP Nagar,47,Medium,INC-0001,Resolved,2026-09-06T11:09:00
CMP-0010,Mobile App,2026-09-04T11:59:00,MP Nagar में एक महीने से पानी का प्रेशर बहुत धीमा है। टंकी भरने में घंटों लग रहे हैं।,Hindi,Water Supply,Low water pressure,MP Nagar,47,Medium,INC-0001,Resolved,2026-09-08T16:59:00
CMP-0477,CM Helpline,2026-09-04T20:00:00,Storm drain choked with plastic and silt in Sonagiri. Dirty water overflowing onto road.,English,Drainage,Drain blockage,Sonagiri,61,High,INC-0322,Resolved,2026-09-06T04:00:00
CMP-0696,CM Helpline,2026-09-04T21:00:00,"Barkheda road pe dead animal pada hua hai 1 week se, bahut badboo aa rahi hai, urgent remove karo.",Hinglish,Sanitation,Dead animal removal,Barkheda,59,High,INC-0541,Pending,
CMP-0003,CM Helpline,2026-09-04T22:37:00,MP Nagar में 3 दिन से पानी का प्रेशर बहुत धीमा है। टंकी भरने में घंटों लग रहे हैं।,Hindi,Water Supply,Low water pressure,MP Nagar,47,Medium,INC-0001,Resolved,2026-09-08T18:37:00
CMP-0008,Social Media,2026-09-04T23:40:00,एमपी नगर में 5 दिन से पानी का प्रेशर बहुत धीमा है। टंकी भरने में घंटों लग रहे हैं।,Hindi,Water Supply,Low water pressure,MP Nagar,47,Medium,INC-0001,Resolved,2026-09-06T12:40:00
CMP-0250,Municipal Helpline,2026-09-05T01:00:00,Live electrical wires exposed on metal pole in Koh-e-Fiza. Risk of electrocution in rain.,English,Street Lighting,Exposed wiring on pole,Koh-e-Fiza,8,Critical,INC-0095,Resolved,2026-09-08T17:00:00
CMP-0014,CM Helpline,2026-09-05T01:55:00,Massive pothole near Kolar road chunabhatti intersection causing traffic congestion and accidents.,English,Roads,Pothole,Chuna Bhatti,82,Medium,INC-0002,Resolved,2026-09-05T12:55:00
CMP-0547,CM Helpline,2026-09-05T06:00:00,अवधपुरी की पूरी सड़क पर पिछले 3 दिन से स्ट्रीट लाइट बंद है। रात में अंधेरा रहता है।,Hindi,Street Lighting,Streetlight not working,Awadhpuri,64,Low,INC-0392,In Progress,
CMP-0005,Social Media,2026-09-05T08:16:00,"MP Nagar side trickle flow aa raha hai municipal line se, please check karo.",Hinglish,Water Supply,Low water pressure,MP Nagar,47,Medium,INC-0001,Resolved,2026-09-05T21:16:00
CMP-0017,CM Helpline,2026-09-05T08:29:00,Massive pothole near Chuna Bhatti intersection causing traffic congestion and accidents.,English,Roads,Pothole,Chuna Bhatti,82,Medium,INC-0002,Resolved,2026-09-08T03:29:00
CMP-0006,Social Media,2026-09-05T10:39:00,"MP Nagar क्षेत्र में नल से बहुत कम पानी आ रहा है, कृपया प्रेशर की जांच करवाएं।",Hindi,Water Supply,Low water pressure,MP Nagar,47,Medium,INC-0001,Resolved,2026-09-05T21:39:00
CMP-0009,CM Helpline,2026-09-05T13:41:00,"MP Nagar me paani ka pressure bahut slow hai 3 din se, tanki nahi bhar pa rahi.",Hinglish,Water Supply,Low water pressure,MP Nagar,47,Medium,INC-0001,Resolved,2026-09-06T12:41:00
CMP-0012,CM Helpline,2026-09-05T15:20:00,"MP nagar market side trickle flow aa raha hai municipal line se, please check karo.",Hinglish,Water Supply,Low water pressure,MP Nagar,47,Medium,INC-0001,Resolved,2026-09-06T12:20:00
CMP-0648,Elected Representative,2026-09-05T18:00:00,"Bagsewaniya sector me complete blackout hai evening se, electricity board call pick nahi kar raha.",Hinglish,Electricity,Power outage,Bagsewaniya,54,High,INC-0493,In Progress,
CMP-0246,Social Media,2026-09-05T20:00:00,Bagsewaniya क्षेत्र में मुख्य नाला जाम होने से रिहायशी घरों के सामने जलभराव हो गया है।,Hindi,Drainage,Drain blockage,Bagsewaniya,54,High,INC-0091,Resolved,2026-09-07T16:00:00
CMP-0020,Elected Representative,2026-09-05T21:56:00,Deep craters developed on Chuna bhatti square road after rain. Major hazard for night commuters.,English,Roads,Pothole,Chuna Bhatti,82,Medium,INC-0002,Resolved,2026-09-06T10:56:00
CMP-0013,Mobile App,2026-09-06T01:57:00,"Chuna bhatti square square ke paas deep pothole hai, night me visible nahi hota, accident prone hai.",Hinglish,Roads,Pothole,Chuna Bhatti,82,Medium,INC-0002,Resolved,2026-09-08T19:57:00
CMP-0619,Municipal Helpline,2026-09-06T03:00:00,Storm drain choked with plastic and silt in Ashok Garden. Dirty water overflowing onto road.,English,Drainage,Drain blockage,Ashoka Garden,38,High,INC-0464,Resolved,2026-09-06T18:00:00
CMP-0576,Social Media,2026-09-06T04:00:00,Carcass of dead cattle on the road in आनंद नगर. Please dispatch sanitation squad immediately.,English,Sanitation,Dead animal removal,Anand Nagar,63,High,INC-0421,Pending,
CMP-0021,CM Helpline,2026-09-06T05:52:00,Massive pothole near Chuna Bhatti intersection causing traffic congestion and accidents.,English,Roads,Pothole,Chuna Bhatti,82,Medium,INC-0002,Resolved,2026-09-09T20:52:00
CMP-0450,CM Helpline,2026-09-06T06:00:00,Nehru Nagar me open plot pe unauthorized dumping ho rahi hai roz raat ko.,Hinglish,Sanitation,Open dumping,Nehru Nagar,26,Medium,INC-0295,Resolved,2026-09-08T06:00:00
CMP-0018,CM Helpline,2026-09-06T06:58:00,"Bhai Chuna bhatti square road ki halat kharab hai, gaddhe hi gaddhe hain, repair karwao please.",Hinglish,Roads,Pothole,Chuna Bhatti,82,Medium,INC-0002,Resolved,2026-09-08T08:58:00
CMP-0019,Elected Representative,2026-09-06T08:49:00,"Chuna Bhatti main road pe bahut bade potholes ho gaye hain, do-wheelers roz phisal rahe hain.",Hinglish,Roads,Pothole,Chuna Bhatti,82,Medium,INC-0002,Resolved,2026-09-06T13:49:00
CMP-0022,CM Helpline,2026-09-06T09:10:00,"चूना भट्टी रोड पर गड्ढों के कारण भयंकर ट्रैफिक जाम लग रहा है, तुरंत मरम्मत कराएं।",Hindi,Roads,Pothole,Chuna Bhatti,82,Medium,INC-0002,Resolved,2026-09-10T12:10:00
CMP-0015,Municipal Helpline,2026-09-06T12:29:00,"Chuna Bhatti रोड पर गड्ढों के कारण भयंकर ट्रैफिक जाम लग रहा है, तुरंत मरम्मत कराएं।",Hindi,Roads,Pothole,Chuna Bhatti,82,Medium,INC-0002,Resolved,2026-09-10T06:29:00
CMP-0314,Mobile App,2026-09-06T15:00:00,Kamla nagar thana side vacant land par building malwa dump kiya ja raha hai.,Hinglish,Sanitation,Open dumping,Kamla Nagar,29,Medium,INC-0159,Resolved,2026-09-09T04:00:00
CMP-0678,CM Helpline,2026-09-06T15:00:00,आनंद नगर क्षेत्र में मुख्य नाला जाम होने से रिहायशी घरों के सामने जलभराव हो गया है।,Hindi,Drainage,Drain blockage,Anand Nagar,63,High,INC-0523,In Progress,
CMP-0213,Municipal Helpline,2026-09-06T16:00:00,"साकेत नगर क्षेत्र में बिजली गुल है, ग्रिड या ट्रांसफार्मर में खराबी की आशंका है।",Hindi,Electricity,Power outage,Saket Nagar,53,High,INC-0058,In Progress,
CMP-0016,Municipal Helpline,2026-09-06T17:56:00,"Chuna Bhatti square ke paas deep pothole hai, night me visible nahi hota, accident prone hai.",Hinglish,Roads,Pothole,Chuna Bhatti,82,Medium,INC-0002,Resolved,2026-09-07T10:56:00
CMP-0415,Municipal Helpline,2026-09-06T21:00:00,Water trickle flow in Gandhi Nagar. Motor cannot lift water to domestic rooftop tanks.,English,Water Supply,Low water pressure,Gandhi Nagar,1,Medium,INC-0260,Resolved,2026-09-10T17:00:00
CMP-0554,Municipal Helpline,2026-09-06T22:00:00,Garbage dumped on Jahangirabad roadside for 2 days. Stray cattle and dogs scattering waste.,English,Sanitation,Garbage accumulation,Jahangirabad,41,Medium,INC-0399,Resolved,2026-09-10T06:00:00
CMP-0229,Municipal Helpline,2026-09-07T02:00:00,"Kotra area me power cut chal raha hai 2 din se, fan light sab band hai, please light chalu karo.",Hinglish,Electricity,Power outage,Kotra Sultanabad,28,High,INC-0074,Resolved,2026-09-09T06:00:00
CMP-0558,Municipal Helpline,2026-09-07T03:00:00,"Barkheda me drain blocked hai plastic ki wajah se, dirty water road pe overflow kar raha hai.",Hinglish,Drainage,Drain blockage,Barkheda,59,High,INC-0403,Pending,
CMP-0625,Mobile App,2026-09-07T04:00:00,कमला नगर में पिछले एक हफ्ते से अघोषित बिजली कटौती है। भीषण गर्मी में लोग परेशान हैं।,Hindi,Electricity,Power outage,Kamla Nagar,29,High,INC-0470,Resolved,2026-09-10T00:00:00
CMP-0744,Social Media,2026-09-07T06:00:00,"Bagsewaniya me bahut sara kachra jama ho gaya hai 4 din se, bohot gandi smell aa rahi hai.",Hinglish,Sanitation,Garbage accumulation,Bagsewaniya,54,Medium,INC-0589,Resolved,2026-09-11T17:00:00
CMP-0177,CM Helpline,2026-09-07T17:00:00,"बैरागढ़ क्षेत्र में बिजली गुल है, ग्रिड या ट्रांसफार्मर में खराबी की आशंका है।",Hindi,Electricity,Power outage,Bairagarh,3,High,INC-0042,Pending,
CMP-0239,CM Helpline,2026-09-07T18:00:00,"पंचशील नगर residential lane me sewage overflow ho raha hai, filthy smell aur health hazard hai.",Hinglish,Drainage,Overflowing sewage,Panchsheel Nagar,30,High,INC-0084,Resolved,2026-09-09T05:00:00
CMP-0647,CM Helpline,2026-09-07T18:00:00,"Panchsheel Nagar area me heavy voltage drop hai, appliances damage ho rahe hain.",Hinglish,Electricity,Low voltage,Panchsheel Nagar,30,Medium,INC-0492,In Progress,
CMP-0621,Mobile App,2026-09-08T05:00:00,"Shyamla gali me dogs ne 2 logo ko bite kiya hai, please dog catching vehicle bhejiye.",Hinglish,Public Health,Stray dog menace,Shyamla Hills,24,Medium,INC-0466,Pending,
CMP-0176,Mobile App,2026-09-08T08:00:00,"Bairagarh क्षेत्र में बिजली गुल है, ग्रिड या ट्रांसफार्मर में खराबी की आशंका है।",Hindi,Electricity,Power outage,Bairagarh,3,High,INC-0042,Pending,
CMP-0162,CM Helpline,2026-09-08T11:00:00,Streetlights on the entire stretch of Shahpura B sector are dark for 4 days. Safety hazard for women.,English,Street Lighting,Streetlight not working,Shahpura,50,Low,INC-0038,In Progress,
CMP-0164,Mobile App,2026-09-08T13:00:00,Light pole fixture not functional in Shahpura B sector. Area completely pitch dark at night.,English,Street Lighting,Streetlight not working,Shahpura,50,Low,INC-0038,In Progress,
CMP-0178,Municipal Helpline,2026-09-08T15:00:00,बैरागढ़ में पिछले 4 दिन से अघोषित बिजली कटौती है। भीषण गर्मी में लोग परेशान हैं।,Hindi,Electricity,Power outage,Bairagarh,3,High,INC-0042,Pending,
CMP-0259,Elected Representative,2026-09-08T15:00:00,Unscheduled power cut in Anand Nagar for the past 5 days. Inverter battery discharged.,English,Electricity,Power outage,Anand Nagar,63,High,INC-0104,Resolved,2026-09-11T19:00:00
CMP-0329,Social Media,2026-09-08T22:00:00,Deep craters developed on Saket Nagar road after rain. Major hazard for night commuters.,English,Roads,Pothole,Saket Nagar,53,Medium,INC-0174,Pending,
CMP-0334,Mobile App,2026-09-08T23:00:00,Lalghati square me kal se paani nahi aa raha hai. Bahut dikkat ho rahi hai.,Hinglish,Water Supply,Water outage,Lalghati,6,High,INC-0179,Resolved,2026-09-13T06:00:00
CMP-0163,Mobile App,2026-09-09T05:00:00,Streetlights on the entire stretch of Shahpura are dark for 3 days. Safety hazard for women.,English,Street Lighting,Streetlight not working,Shahpura,50,Low,INC-0038,In Progress,
CMP-0189,Elected Representative,2026-09-09T06:00:00,"Ashoka Garden area me mosquito breeding ho rahi hai, municipal team ko spray ke liye bolo.",Hinglish,Public Health,Mosquito breeding / fogging request,Ashoka Garden,38,Medium,INC-0046,Pending,
CMP-0686,CM Helpline,2026-09-09T16:00:00,जहांगीराबाद में आवासीय बस्ती के पास गंदा पानी जमा है। बदबू और मच्छरों से लोग परेशान हैं।,Hindi,Public Health,Stagnant water near habitation,Jahangirabad,41,Medium,INC-0531,In Progress,
CMP-0400,Mobile App,2026-09-09T17:00:00,Garbage collection van skipping Ashoka Garden lanes regularly. Waste piling up in households.,English,Sanitation,Irregular garbage collection,Ashoka Garden,38,Low,INC-0245,Resolved,2026-09-11T17:00:00
CMP-0666,Elected Representative,2026-09-09T17:00:00,"Kolar me drain blocked hai plastic ki wajah se, dirty water road pe overflow kar raha hai.",Hinglish,Drainage,Drain blockage,Kolar,80,High,INC-0511,Pending,
CMP-0699,Municipal Helpline,2026-09-09T21:00:00,"Bittan Market area me contaminated water supply ho rahi hai, bimar hone ka darr hai.",Hinglish,Water Supply,Contaminated water,Bittan Market,46,Critical,INC-0544,Resolved,2026-09-10T15:00:00
CMP-0439,Elected Representative,2026-09-09T23:00:00,Nullah blocked near Neelbad chouraha causing artificial waterlogging during light rains.,English,Drainage,Drain blockage,Neelbad,83,High,INC-0284,Pending,
CMP-0190,CM Helpline,2026-09-10T01:00:00,"Ashoka Garden क्षेत्र में डेंगू का खतरा बढ़ रहा है, कीटनाशक छिड़काव कराया जाए।",Hindi,Public Health,Mosquito breeding / fogging request,Ashoka Garden,38,Medium,INC-0046,Pending,
CMP-0191,Elected Representative,2026-09-10T03:00:00,"Ashoka Garden क्षेत्र में डेंगू का खतरा बढ़ रहा है, कीटनाशक छिड़काव कराया जाए।",Hindi,Public Health,Mosquito breeding / fogging request,Ashoka Garden,38,Medium,INC-0046,Pending,
CMP-0501,Mobile App,2026-09-10T05:00:00,"कमला नगर रोड पर जल प्रदाय लाइन में बड़ा लीकेज है, कृपया तुरंत मरम्मत करें।",Hindi,Water Supply,Water leakage,Kamla Nagar,29,Medium,INC-0346,Pending,
CMP-0460,Mobile App,2026-09-10T06:00:00,"Nehru Nagar में सफाई कर्मचारी कचरा नहीं उठा रहे हैं, चारों तरफ कूड़ा बिखरा पड़ा है।",Hindi,Sanitation,Garbage accumulation,Nehru Nagar,26,Medium,INC-0305,Pending,
CMP-0148,Municipal Helpline,2026-09-11T12:00:00,"Hoshangabad Road चौराहे के पास सड़क में बड़े-बड़े गड्ढे हैं, रात में दुर्घटना का भारी खतरा है।",Hindi,Roads,Pothole,Hoshangabad Road,52,Medium,INC-0034,Pending,
CMP-0149,Elected Representative,2026-09-11T22:00:00,Hoshangabad Road मुख्य मार्ग पर जानलेवा गड्ढे हो गए हैं। कई बाइक सवार गिरकर चोटिल हो चुके हैं।,Hindi,Roads,Pothole,Hoshangabad Road,52,Medium,INC-0034,Pending,
CMP-0150,Municipal Helpline,2026-09-12T03:00:00,होशंगाबाद रोड मुख्य मार्ग पर जानलेवा गड्ढे हो गए हैं। कई बाइक सवार गिरकर चोटिल हो चुके हैं।,Hindi,Roads,Pothole,Hoshangabad Road,52,Medium,INC-0034,Pending,
CMP-0140,CM Helpline,2026-09-14T16:00:00,"करोंद me drain blocked hai plastic ki wajah se, dirty water road pe overflow kar raha hai.",Hinglish,Drainage,Drain blockage,Karond,15,High,INC-0030,In Progress,
CMP-0127,Municipal Helpline,2026-09-14T18:00:00,"MP Nagar चौराहे पर 4 दिन से कचरे का ढेर लगा है, आवारा मवेशी गंदगी फैला रहे हैं।",Hindi,Sanitation,Garbage accumulation,MP Nagar,47,Medium,INC-0026,Pending,
CMP-0124,CM Helpline,2026-09-15T01:00:00,MP Nagar के पास भारी मात्रा में कचरा जमा है। दुर्गंध के कारण वहां से निकलना मुश्किल हो गया है।,Hindi,Sanitation,Garbage accumulation,MP Nagar,47,Medium,INC-0026,Pending,
CMP-0139,Mobile App,2026-09-15T04:00:00,"Karond Chouraha me drain blocked hai plastic ki wajah se, dirty water road pe overflow kar raha hai.",Hinglish,Drainage,Drain blockage,Karond,15,High,INC-0030,In Progress,
CMP-0125,Municipal Helpline,2026-09-15T05:00:00,"एमपी नगर में सफाई कर्मचारी कचरा नहीं उठा रहे हैं, चारों तरफ कूड़ा बिखरा पड़ा है।",Hindi,Sanitation,Garbage accumulation,MP Nagar,47,Medium,INC-0026,Pending,
CMP-0126,Mobile App,2026-09-15T06:00:00,Garbage dumped on MP Nagar roadside for 5 days. Stray cattle and dogs scattering waste.,English,Sanitation,Garbage accumulation,MP Nagar,47,Medium,INC-0026,Pending,
CMP-0138,Municipal Helpline,2026-09-15T20:00:00,Storm drain choked with plastic and silt in Karond. Dirty water overflowing onto road.,English,Drainage,Drain blockage,Karond,15,High,INC-0030,In Progress,
CMP-0203,Municipal Helpline,2026-09-18T09:00:00,Sewage chamber overflowing on Jahangirabad chowki residential street. Filthy black water spreading.,English,Drainage,Overflowing sewage,Jahangirabad,41,High,INC-0050,In Progress,
CMP-0113,Municipal Helpline,2026-09-18T18:00:00,"Kolar area me water supply cut off hai 4 din se, sabhi log pareshan hain.",Hinglish,Water Supply,Water outage,Kolar,80,High,INC-0022,Pending,
CMP-0112,Mobile App,2026-09-19T00:00:00,Bhai Kolar side tap water completely band hai 4 din se. Please urgent help karo.,Hinglish,Water Supply,Water outage,Kolar,80,High,INC-0022,Pending,
CMP-0204,CM Helpline,2026-09-19T05:00:00,Jahangirabad में सीवरेज लाइन जाम होने से गंदा पानी घरों के आगे भर गया है।,Hindi,Drainage,Overflowing sewage,Jahangirabad,41,High,INC-0050,In Progress,
CMP-0205,Elected Representative,2026-09-19T13:00:00,Jahangirabad में सीवरेज लाइन जाम होने से गंदा पानी घरों के आगे भर गया है।,Hindi,Drainage,Overflowing sewage,Jahangirabad,41,High,INC-0050,In Progress,
